Sequence,Label
MAHVEKVTILGSDSIHVGYGIQDHIVKETLQNLATSTYVIITDENMEKTAPFRKLKASFEAQIKEERPNSRLLSYAVSPGENNKSRDTKAKVEDFLLLNGCTRDTVILAVGGGVVGDMIGFVAATFMRGVRVVQVPTTLLAMVDSSVGGKTAIDTPLGKNFIGAFHQPKYVFVDVSFLETLPTRQFINGMAEVVKTAAIWDEAEFTRLENFASNFINVVTSDSIDLAEIKTDLVKTVLGLIRVKAEVVSKDEKESSLRNLLNFGHTIGHAIEAIVTPQALHGECVSIGMVLEAELSRYWGILSPVGVARLIKCLNAYNLPTSLDDKTFLLNVGFKRHLVVVDSVLKKMAVDKKNDGSKIRTVILEAIGKCYQWKAHEVSREDLRFVLTDETLVKPFNPETTPATNTVIPPGSKSISNRALILAALGLGTVKIKNLLHSDDTKHMLSAVSALKGADIRTEDNGETIVVTGNGGNLKTCDEQIYLGNAGTASRFLTTVAALVNLNTDSGDHTILTGNARMQERPVGPLVDALRSNGSDIEYLNNEGSLPLKIKAGKGLKGGRIELAATISSQYVSSILMCAPYADNEVTLALVGGKPISQLYIDMTISMMKSFGINVVKSTTEEHTYHIPKGVYKNPEVYEIESDASSATYPLAFAAMTGTSCTVPNIGSSSLQGDARFAVDVLKPMGCIVEQTSTSTTVKGPKRGTLKPLKHVDMEPMTDAFLTASVVAAIANDSTPTQITGIANQRVKECNRIKAMVDELAKFGVTANEMPDGIEIYGVDYKNLKAPLAETGGVKTYDDHRVAMSFSLLAGMCSESVLITERSCTGKTWPGWWDVLHTNFGVDLDGFEPPRDLNDISLLANTAKNGDKSIIVIGMRAAGKSTVSRWMAELLGFDLIDADSVFEEEHGDIRDFIKNESWQKFREIEANLLKKILSEKPTGHVISTGGGVVESEECRALLKNHKKTGIVLHLHRDLDETIVFLNSDATRPAYVSEVKDVWQRREKWYHECSNYLFYSAHCSTDNEFQKLRQSFANFIKTITGLETFKIPRDRTFAANLKLESYDGIVEALEDITAACSAVEIRVDLLKDQTSSFVAEQVALLRKHISLPIIFTVRTRSQGGSFPDEDLETYQELTALAIKLGVEFLDLQLNIPTVVTKKIFEKKGFTKIVATYVDIHGKERWDEPAWDNRYNAAFSLNADVIRLIGTAVNFQENILLENFRASHQNTPLIAYNLGEQGKLSKMLNTIFTPVTSELMPGNASQEEVTVAEINSSLTLVGILNRKQFNVVGSPIEHSRSPDLHGSAYEALSLPYKFGRFESSNAEEVYNELMKKPDFGGLAVTMPLKLDIMKFIDEFSDAAKLIGAVNTVVPLKGQPNKFFGDNTDWYGITKSFSRNGVPSIENSSVNGLVIGGGGTARAAAYALHQLGCAKIYMINRTASKLHDIVSLLPQEYNVEVLEMQEQVAAAEPVSVAVSCVAADKPLDENLLDSVESLLQRGAKAKKGGFNPTLLDAVYKPRVTPMMRIAQEKYQWTVVPGVEMLVNQGERQFQVHTGLTPPYKIIHTAVVQE,0
MSDYENDDECWSTLESFRVKLISVIDPSRITPYLRQCKVLNPDDEEQVLSDPNLVIRKRKVGVLLDILQRTGHKGYVAFLESLELYYPQLYRKVTGKEPARVFSMIIDASGESGLTQLLMTEVMKLQKKVQDLTALLSSKDDFIKELRVKDSLLRKHQERVQRLKEECELSSAELKRCKDENYELAMCLAHLSEEKGAALMRNRDLQLEVDRLRHSLMKAEDDCKVERKHTLKLRHAMEQRPSQELLWELQQEKDLLQARVQELQVSVQEGKLDRNSPYIQVLEEDWRQALQEHQKQVSTIFSLRKDLRQAETLRARCTEEKEMFELQCLALRKDAKMYKDRIEAILLQMEEVSIERDQAMASREELHAQCTQSFQDKDKLRKLVRELGEKADELQLQLFQTESRLLAAEGRLKQQQLDMLILSSDLEDSSPRNSQELSLPQDLEEDAQLSDKGVLADRESPEQPFMALNKEHLSLTHGMGPSSSEPPEKERRRLKESFENYRRKRALRKMQNSWRQGEGDRGNTTGSDNTDTEGS,0
MASSEQLPTFKPLFQVPTFKSLGLDPPAGFHDESSSVYLAGNSLGLMPKATRQALADELDAWGARGVESHFNHPGEGAGKTSWVDIDLPLVQPLAKLVGATEKEVAAMGTLTSNLNALLTSFYKPSGKRTKIMFERHAFPSDYYAFLNMVKLHGYDESHLIQLAVAPGKHYLETEEIIEVIEKEGDEIAVICFPGVQYYTGQFFKIPEITAAAQKKGIVVGWDLAHAVGNVPLKLHEWNVDFAVWCSYKYLNSGPGGIAGIFVHERHTKNNSKVNYPPRLAGWWGNNAAERFKMLEVFDPINSALSYRQSNPLVIDCVALKSSLDVFELAGGLDNLRKTSVSLTGCLLRLLKGSKYYIEDPLDNALLGFKILTPCEESERGCQLSVLFQPHDDDRSKNVMEQVNEYLHKHAIICDERRPDVIRIAPTPLYNTLEDVRVVVKRIVEALDELSRS,0
MDTSQLIPIPKHGNGKNQSMLPLLLSSNDGKEVTERAMALIAPMLEGFTPKTSAEEAKDGVASQLGTALTSPRRLSLAAIGEAVSLTSDNLSINNAMNQLLPEDLSNGESLTKPYSRTNSASSWDLNLPKLNKTVLNSLNTLRRLASNATNPSPPNVNKIGKIGVCAMDTKVMLKPCRKILNRLIENGEFETIVFGDKVILDEAVENWPTCDFLISFFSTGFPLDKAISYANLRKPYIINDLILQKTLWDRRLVLNILNHANVPTPERLEISRDGGPRIDKILEDKLVEVGIPRDHLYKLTHQEEPEWSMLDEDTICVNGKIMKKPFVEKPVDGEDHNVYIYYPKSTGGGGRRLFRKIGNKSSEFDPDLSTPRTEGSFIYERFMDTDNFEDVKAYTVGADFCHAETRKSPVVDGIVRRNTHGKEIRFVTELSDHEKLMAKNVSRIFRQTICGFDLLRVNGESYVIDVNGFSFVKDNNDYYDSCASILRDMFIEAKKSRDFIKNKIPKTSQINQSEFEEKQQKWVFKGMVSVIRHADRTPKQKFKYSFRSPLFTSLLKGHKEEVIIRAIPDLQVVLETVKIAEEKELEDLKKLKQLRMALEKKIEFPGTKIQLKPSLNPENPEVVDKVQFILKWGGEPTHSARFQATDVGEQLRQNIKLLNREALNDVKVYTSSERRVIASAHLATCSMLGLPSLPDDFLIIRKDLLDDSNAAKDLMDKVKKKLKPLLRQGAEAPPQFTWPPKMPQPFVVIKRVCELMNFHKNIMEYNFKNYDVSKFQENWCCGEDPYLFKERWDKLFQEFTSVEKTHPSKISELYDTMKYDALHNRQFLEKILAFDPNDENLLKVLGETCGDTIKSSGLVSEYPINILAMNNFKIPHEASSNVSSASGSTSNLQNITNSSTASAGSLGWVLKGAAPSVKHSNANNDSNTHKSSCNSSVSSNGKAPENPFDHPTFARLRELYRLSKVLFDFICPQEYGIKDEEKLDIGLLTSLPLAKQILSDIKDMKKHDSAAMVNYFTKESHIYTLLNVIYGAQLPMKIARNALPELDYMSQIVFEIYESGDSNSPSGKKHAIRMSLSPGCHTQDPLDVHLDDDHYIGCIPRISLTRHLDMDLVIQRLKSRFSRVSLPKQFTPVNISSPLVSGL,0
MNINPEAAKDIPCKNVTIYGFCKYEKKGCVFSHDNAGLGTNSSSSKSSNTGQKTLPSKHSSIDSNSEAASIKSPNGTTSSESGTTKKKFNASTPSFQPSVQSITNKFSSLSPKLKDLPLFVPASLELREESSTPPAQTKKFNAAATPSFTPSYEGSARFAASTEPLKLVFSPLMHASLSLIGTNQQQPKPQQNPYLAGPTPTTPLGGMGSMTGNLGSDFMFSGTQAAPTYPLNHHLYAPAPPPRLSLKEHQTNINDMFIPNNLREELLKRNEATLQTVALLTLPEHVGEYHSLVPMDTTFTQPSKVYNFPSYVYKAMSNVTGLPYAIRRIDLNSEVHFSQDIKLHKLARWKKLQNPNIARLHDAFTTVAFGTYGEPVLCVVYDYYPLANTLQEQHITRKLGGKLEPITENLLWSYIIQMANALLDLHENKLYAGSSISLSKILITNKGRLRLGAVGVDDALTLKETNSTERDEDTIMQQNEDLKHFVDVIHELIRATLPFSVRNESFEQVLDQLHNLSTVPYSEELVNALKGLTKLGKGQSLQDYFKEHLALRSLKVLSGLEDQADFMESQLSSELENGRLFRLMTKIDLLVNLPEKERTENGTFYVIKLFHQFIFNSYDEYGKPVVDLSRILVNLNKLDAGVDEKILLISAEEDSCIIVSYKEVKGIIELTFRGVFR,0
MCDVVLGAQWGDEGKGKLVDILCDDIDVCARCQGGNNAGHTIVVNDVKYDFHMLPSGLINPNCQNLLGSGVVIHVPSLFEELENLEKKGLNGRDRLFISSRAHLVFDFHQRTDKLKEAELSETKKSIGTTGKGIGPTYSTKASRSGIRVHHLVSDEPGAWEEFTVRYHRLINSRYKRYGEFDYDTEEELNRYARYKEALRPFVVDSIDFMQNAIKSNKKILVEGANALMLDLDFGTYPYVTSSSTGIGGVLTGLGIPPRSIRNVYGVVKAYTTRVGEGPFPTEQLNEIGETLQDVGAEFGVTTGRKRRCGWLDLVVLKYSTAINGYTHLNITKLDVLDSFKDIKVGVAYWHKGQKLNSFPEDLLKLANVEVEYVTLPGWQADISKIKDFADLPANAKAYLKFIEKFLEVPIKWVGVGPSRDSMLLKDSL,0
MTVDLVSFISLVTTDAGLFKKTAQFYHALGFRLVKNYNKVSTSAASSIVNGISADSSKEIWLEALPLQNLDEHGNVVPWQEMPFYEGDHTAPLCKGTVVKIRLSALERVELATQTIEFFAADLAKLKELLAKAGAAHTDHNSAIAAQDPLGNSLHFSNKESPASERHFSSQQEYLDFKTKELTEALALRRDTTKVLELPANQKAKRKKIAVMTSGGDAQGMNSAVRAVIRSGIYYGCDMFAVYEGYEGLVKGGSLLKQMGWEDVRGYLALGGTMIGTARCAEFRERAGRLSAAHNMVKNGIDALIVCGGDGSLTGADLFRSEWPSLIEELVETNRLTKEEVQPYLNLTIVGLVGSIDNDMSGTDATIGAYSSLDRITEMVDYIDATAASHSRAFVVEVMGRHCGWLALMSGLSTGADYIFIPERPPKHGKWQEELKEVCGRHRALGKRNTTVIIAEGAIDDELQPITSDQVKEVLVELGLDTRITILGHVQRGGSAVAYDRMLATLQGVEALRAVLEATPDIPSPVIGIVENQLVRQPLVESVKNTKEVATAIEAKDFDRAMSLRDTTFAEIYKNYLVTTEHPAGPDFAPERERLNIGIVHVGASSSALNAATRAATLYCLSKGHRLYAIQDGFSGLIHTGNFKELTWLDVCGWHNKGGSEIGTNRSLPSENFGNVAYYLQRHQLNGLLIVGGFEAFTALHQLENQKHKYPIFNIPKVVIPATVSNNVPGTEYSLGSDTCLNQLVNYCDAVKQSASATRRRAFVCEVQGGNTGYVACYAGLVTGAMAVYTPETKVTLKTIREDFNLLSQVFENDRGEDRNGKLLIRNEHALKVYTTELLADIFREAAHGRFETRTAVPGHVQQGFMPSSMDRVYAVRFAVRSIEYIEEWSRRVFSAAEHTQHHSVNNIKMIDLLDKEEQLSVVIGVQGAKVVFLDINDLYDTDTDVAMRRGKTIHWSRLEEVSDLLSGRLMLREGKPLR,0
MAPKVLLVLYEGGAHAKQEPKLLGCLENELGIRELVESHGYELVTTSNKDPIGLSEVDKHLPETEVIITTPFFPAYITKERIDKAPNLKLCVTAGVGSDHVDLNAANSKNITVAEVTGSNVVSVAEHVMLTILNLVRNIIPSHEMAIQGGWDIAGCAKNEYDLEDKVVATVGAGRIGYRVLERMIPFNPKKLLYYDYQELPPAATDKLNKASELFNGKGNIVERVEKLEDMLAQADVVTINCPLHEKSRGLFNKDTISHMKDGAWLVNTARGAICVAEDVAEAVSSGKLRGYGGDVWYPQPAPADHPWRSFRNKYGGGNAMTPHISGTSLDAQARYAAGTKAILKSYFEKTFDYRKEDLIVIDGDYATKAYGQRK,0
MSFSRPSSIAGNLGYNGFPVSISYFVAVPEVLLIEDANVAVLFKALSKKNSVTREKNLGDLVKTFNDSSFTLTDNTIMCWIQAYPKVAIDNSKTVRLLAHQVQGTLLRRVGGREFGKYLKSTIPIWLLSLYDQDTPVSKASYKELLESFQNDSERVNTKLWLVFSEQIVNYIYVVVCVETHESLSDLRYTKNEDSIAKYDRSLTGAIFMLCKLINLINEDSGFSLQEDSLALINELLRLENLWEHLGRCSDIETINLGLFKAYLGLLKCSFELKENHSPSRFISQLDDVKGLYKLVSKNFIKNIKLNVKEKTQSIIFSSVIIQFWDTLNVLTAFTQMSPSEKKKIRLKKNFWESAGSKAHSRLINYIRLGHCNSDPLFYNVLTACLKNIASIDCDESAWSFGNSKDTIKVVDSLLSQFKKLPTFSFKRSALECIFNILDILNCDSSVQLRQKAFMVVIDGLSSKVYLKADSKARENSISLLASFKGDLDFESFNKEICASLESSDKVTLAGHQFEHPLSLVAPTYVAVLSDEMSDDLADRVLISMLDIFEDPGLTRSFELLIQCIKKSFSPEFKEWTPLLPSFCTSNFIDLPFEVLRILLDENVGWVDLNKLIDDVFIKVLSDAKEALPKLLALLNKAKSLDEKSVPHVREYLEKLSRTEVSSSDSGLLFNYIDDPAILRNLLASPSVHEKPNDFLESVVSTNTKLDNLGEESRGHLRQIITAGLQTSNSRTLSSFLSLVNDDAFVANILSENIILDEWNIDELASIFKEHPEYFPLNDVNNLVHRLIESIDLNSIAISNPLHQNVYLASQYSLSEASLQGKKVIVKLAIILREVIGSTQSPSSEIIILALLTSEYLHDYLFLRNETDQVPDALLMRAKLDDVLAQHLFATKASTNGLFNDSPKSTAEQRIIERLVDKGPYSIHQLYCARYLTRVLSSTFDGMSPNEFEALDVKTARLVNQPLLLSVYLTSAAKFIGVSKTFDRMRNYVFAEILGVKSSQDILDLGKVWLSLATNFLVVDTDEYPDYELIPQHKLGMLISHLMQWLDSDIAYSDEFLSVRSLLAVFFSHLLILDSKFVPDKTWDIAFDLALNNLSSAQVEVRNVGIRFFTIKLCTTLFKKSSLQDAWKEARESVTEELVDLILNEDIENFNSSINNQPVRMTNELLRRLLSVASISDTVISNNSEKFLKVLQSSHFVDMQRLSANLLEKDVISSRDDFVVEYQLNKANLSDSQDNLVQAKLPMQLVKYVASFNEDLELLSEKGEEWRATSYLWSWLLIFAYFKGSTYGIRTDYISQLKESQCIEHLLNVIFDHVDLTDSKFLRTLVDDSLDKVLRLDSTRYSIAEYSILQGCPGEDTLYEMKFVLVHLYFRCLQYLGSYCQQWFSELRDLQLKRQIEKFSIKFVSPLIISKMLNEVEQAKSKLTQKDENLTIKVNKITNEIRTIYIIDEQKMEMVVKIPESFPLSNVMVLGPLRLGVKENQWKAWLLASQRVVSLTNGSIIDCIELFNRNVSLHFSGFEECAICYSILHQDHSLPSKNCQTCLNKFHAACLYKWFKSSGSSTCPLCRSAFNFRISRA,0
MPERTTKKPKVTALCELCHGRKAVMKRPKNLQKLCKECFFLVFETEIHNTITGANLFSPGELVAIGASGGKDSTVLASVLKTLNERYNYGVKLVLLSIDEGIKGYRDDSLATVKRNKDQYDMDLEIVSYKDLYLWLMDEIVACAGMRNSCTYCGVLRRQALDRGAAQLGISHVVTGHNADDMAETVLMNILRGDTARLENSTSIMTQSSGLPIKRSKPFKYSYQKEIVLYAHYKKLDYFSTECSYAPEAFRGTARELLKSLEAIRPSCIMDIIYSGEHLALAPKKKKKTVAYKNKKPAEQEINPDGSVNIKKKTDGNTCEKCGYITSNKICKACVLLAGLESSRAKVSIDDGAQDGPAKLTKTLEQLTF,0
MSRFFAAGYTSDTSSEEEDLLSGSEEELMSSSEEEFSTDSEFDNDSDELSSEDEDYSGAGPSYFLKKDFLKGSGGDSDLDSDNEGRKVVKSGKEKLLDDMRELVDLIYNSRNLENWSAVLNEFDRLGRLLIKANQQNMQNPNFYYKMLGELEQSLLSEAANQEKKKLPTDQNRSYNTMKQRVKKAVKEYQVYLDYYKENPTAFDTEEPLNIASTLTSNDTGVGGAVVGSISGTTRSLSPVFHQLKQISESRGKKNIDKVEQVTILEKLLQDALSLDKLFEIISVYQMLLSVRFDASSNQSYMPIEAWKQNEKDFLDFLHLLEKHSNEYCVSESGVATDDIDIEPPANEKGVKVILGSVAAIVERLDDEFTKSLQNTDPHSTEYVDRLKDEPGLYLLIIRAQVYVEATTSISDHLARIALRRLDHIYYKPDQLIEQNEKVAWESTWEGAGVENSLLYTKGKSPSEVMTSLTDFLSKQESKIYNKQAILCKTYYFAVNNKYAEARELFLNSQIYSTIASADSATQVLYNRALVQLGLGAFKAGKIEESHQILNEIINTQRLKELLGQGYNSKYPSQVTTAEKQKLLPFHMHINLELVECVFMTLSMLIEIPALAASATSIKDNKRKASIKSFKSKLEFHERQYFTGPPESIKDHLIYASRYLQKGNWDKAYQLLSSIKIWRLFADNELLLLMLKQQLQVEGLRTYIFTYKAIFTKLSLEKLSRQFALEQSTIQSIIEKMLAQGEILGSLDEAKAFVNFTTDEPQRSKLQELASIMNEKLGVLLDKNEKTSSNGHSRKQPSQQQQQQQKEQKEQKESQQEESSKFRHANVNTNNDEFQVTA,0
MPSAVNGANGAVIHAPDKPTMNQTVNFYTNLVGFTVKSEKASSAVLLAKDKLTTMRIDLSDEITPQEIADLKDNWARLHALVDWRSQMSHLTFAVTDLNDIVSALMGQSVPCQMYPNELYPSEVYAIDPLGNLVGFTSAHNALSLIPPVSKLTIDEYQGTTMSSAASEVSRILGDEHVLRNIAVMTSGGDAPGMNAFVRAVVRAAIFRGCKPFAIMEGYEGLVRGGPDYIKEMHWQDVRGYLTEGGTKIGTARCMAFKERAGRMKACKNMIAAGIDALIVCGGDGSLTGADLFRSEWPSLIKELLENGDITQQEYTKHKHLNICGAVGSIDNDMATTDATIGAYSALDRICRAIDYIDATANSHSRAFVIEVMGRHCGWLALMAGIATSADYIFIPEKPSSSKDWRAQMCNIVSKHRQKGKRKTIVILAEGAITSDLQPISANEVKDVLAKSLGLDTRVTTLGHVQRGGNAVAYDRIIATFQGVEAVRAVLESSPDTPSPLIGVKENKIVRLSLVDAVKITKSVAAAIEKHDFAKAMDLRDSEFVEHLHNFMAINSANHEQPSLPKEQRRRIAIINVGAPAGGMNSAVYAMATYCMSRGHTPYAIHNGFSGLARHESVRSIDWLAIEGWTSMGGSEIGTNRNTPESTDLGLIAYYFEKYRFDGLILVGGFEAFVSLEQLERARAMYPSFRIPMVLIPATISNNVPGTDYSLGSDTCLNSLMEYCDVVKQSASATRDRAFVIDVQGGNSGYIATFASLACGAQASYVPEEGIDLAQLELDIKSLKESFTAERGLARTGKLLLKSTNASKVLTTEVLAEIFKLESDGVFDTKTAIPGHVQQGGLPSPVDRTRATRFAVKAVQFIEDNSDVISNYRDELDFAIDDKQLSDTAAVLGIVSSHLRFQSIRQLYDFETEVGRRMPKRIHWARAREIADLLVGRTKITKKA,0
MAPTSIAKHYDYLVIGGGSGGVASARRAASYGAKVLLVEANYKKLGGTCVNVGCVPKKVMWYAADMAHKREQLQAYGLATLDQKVKYGDFNWPMIKTKRDAYVKRLNGIYEKNLERENVEYVYGYAQFVNEKGNVEVTLSEDQEVPFLSKLFKKHEKLLFSADKILVATGGQPIIPNVEGAEHGINSDGFFELEQQPKSVAVVGAGYIGVEFAGVFQALGTQTNLVIRGDTVLRSFDEVIQNAITNHYSERLGVNVIKQSGSVTKVERYGDKKRVFLGNGEVLEVDELIWTVGRKSLSNLGLEHVNVKTNERGQIAVDEYQQSSNPNIFSLGDVIGGVELTPVAIAAGRKLSNRLFSGDEKFAKDKLDYTNIPSVIFAHPEAGSIGLSTKQAIEKYGEENIKTYNSKFNPMSYAMMDHDEEKVPCVYRIVCAGPEEKVVGLHIVGDSSAEMLQGFGVAIKMGATKADFDNCVAIHPTSAEELVTMR,0
MPPAHKNQALRPENVLKRAEDLIGVDQKDAALEVLYEMITSKRTRYLPVEDLEPIGLLLIELAVHFRKGKVAKDALHQYKKNVQMLENGLESVQVIVKKFIELAEKKLNEAQAKADIKMDQEEDDDLETSQTPESILLSAVSNADSADRTERELVTPWLRFLWEAYRAVLDILRNNSKLEVTYSAIVNQAFQFCLRFNRKAEFRRLCELLRAHMQWVTTNAPGKSTGTNVNAVDLSDSDTVQRYLDQRFHQLNISVKLELWQESFRSVDDVHTLITASKKTPKPVMMANYYENLARIFAVSDNTLFHAAAWNKFFNLFSQSPNATDKELSYYASVLVLSTLSIPTKSFNINETVVDEQKAKNAKLTSLLNLSQVPTRDSLISSIVNKNILKFVDPAVKELFEILSDTEFHPLTAKEKVAGVFQVIKEDKAYSKYIPTLTEVVAIRSFQQVSQIYEAVKLDFLVSLGIIEGTEYTLTELEVEDMIVNAVKKGHLFLTIDHESQVVTFESNPFEDSYTDSLSSKLQATPAELVRTQLSKLASVLAQSREVIDPHYEARKQHRREVALQNAISGFVREQELIADRVKVLEERKKLAEKRRREEEERAAKARQERLIAEQKAEQERLAQEQERKNLERLEREKKAIADSNKRKIAEEINAKGIIKIDLDNLEDLDTDKLRAMQIEQLNKDRKNLEEKMKVVFKKADHLERAYRKYELKYLAEEAATQKERDIKAHEELTRTRIEKARKEHEAAKALKERLSRVLPDYSSFKKHIDEANAAKVAEMKEKARAALEQAKKERIEHVKHQRIEQLREIKEQEARAAEEEARKRAREAEMEKLREDLRRQKEKDAEMAQRRAAMEAEMAAARSPAPGRYVPPSRLGIAARQSPSPAPAPVSPQAPKAAPQATSPAPASDKPLTFAEKMRLKRQGKLV,0
METLFAPIFFNTRYSSSSAMIKVKVEFLGGLDVISNKVREHRLTLPLEEGEATLRDVIEHITKEIIADEKDIPVFIEEGTVRPGILVLINDTDWELEEREDYVVEAGDVFTFTSTLHGG,0
MSYSLPKEHRHLVEGSLSETDPEVNSIINDEISRQKHSIVLIASENFTTKAVFDALGTPMCNKYSEGYPGARYYGGNEHIDRMERLCQERALKAFHLSSEKWGVNVQTLSGSPANLQVYQAIMKPHERLMGLDLPHGGHLSHGYQTDSRKISAVSTYFETMPYRVDLNTGLIDYDMLEKTAVLYRPKVLVAGTSAYCRLIDYKKMREIADKVGAYLVVDMAHISGLVAAGVIPSPFEYADIVTTTTHKSLRGPRGAMIFFRRGVRSVNPKTGQEILYDLENPINFSVFPGHQGGPHNHTIAALATALKQAATPEFKVYQEQVLKNAKVLENEFIKKGYSLVSNGTDSHMVLVSLRDKQIDGARVEAVCELINIALNKNSIPGDKSALVPGGVRIGAPAMTTRGMGESDFKRIVDYIDFAVNHAKEVQASLPKEANRLKDFKERISQKDERLESVKSEIYNWVGTFPLSV,0
MSFSHKEKPDTLVLFDVDGTLTPARLEISDEMRETLKALRKKVVIGFVGGSDLSKQVEQLGESVLQDFDYCFSENGLTAYKLGKELASQSFINWIGNDKYNKLVKFILRHLADIDIPVRRGTFIEFRNGMINVSPVGRNASTEERNEFEKYDKEHKVRETLVNALKENFADYGLTYSIGGQISFDVFPTGWDKTYALQHVENEGFKEIHFFGDKAYEGGNDWEIYTDPRTIGHAVKSPDDTIRILKELFNL,0
MSEYFNDSPQHPAKLICELCRLFYDNNWVTGTGGGISIRDVDGPNPNIVYIAPSGIQKERLKPKEMFVAELPGKILHTPNDECNGQPLSEDLAKGFRYKPSACTPLFLSCYNMRDAGACIHTHSQNAVMATLIFEDKVEFSMSHIEQIKALPQLAANPETGKIEKVGSMQYYDTMVLPIIENTPHEEDLTDTLQKAIRDYPQATAVLVRRHGIYVWGENVWKAKVYNEAIDYLLELAIKMHQFGIPLVKK,0
MGKSSKDKRDIYYREAKERGYRARSAFKLLQIDEKFNIFEGVSRVVDLCAAPGSWSQVLSEKLHNSSKSKDNAKIVAVDLQPMIPIEGVTCLQADITHPKTLQSILELFGGEPADLVVSDGAPDVTGLHDLDEYIQSQLILAALQLTTCILKDGGTFIAKIFRGRDIDLLYSQLGYLFEKVVCAKPRSSRGTSLEAFVVCIGYRPRPGWNPRLELGKSTEEFFENADIGKSYIRENFELPDEEERFIPSFVACGDLDMGDSDATYELNSNTAKQNLKPVQMPTAPPYKKALEMKRKGNLVRR,0
MNVIAQHRPKVSPERDPSTLSNYYNFKVHHTTLAFEVDWEKRILHGSSTIELEATTNVSEIHLDTSFLDFGSAAINGENAQFKFGEQGILGSVLQIVCGSEIPLGTKFSLELKWNTTEKCTALQFLDKNATDGKREPYFFSQCQAIHARSLLPCFDTPAVKSPYTFSVKSSLPALMSGRPAGVEGNKYKFEQPIPIPSYLVAIASGDITKLPIGPRSHVYSEPSRVGACQHEFEHDMENFLQEAENLVFPYEWDQYDALVLPSSFPYGGMENPNASFVTPTLISGDRQNVDVIAHELAHSWSGNLVTNCSWEHFWLNEGWTVYLERRIQAAIHGDATRHFSAIIGWSDLENSIKAMGDNAGRYSTLVQDLKDRSDPDDAFSTVPYEKGFNLLFLIEKKVGGTKVFDPFIPYYFNKFKYSSLDTYQFIDTLYDFFKDHKKQLDEIDWESWLYKPGMPPVKPEFDTTMVDQCYNLADKWVNAVKKGEDLSSIFRPSDIEVFTANQSVVFLDTLASFNKLDNFQWKDHQDALHVIDQVYSAYSNSSNAEVLFRWFVLQVGGENRKFYDRLGQWLGTVGRMKFVRPGYRLLDTVDHELAVKYFHQFESGYHPICRAMVKKDLGL,0
MDGWTEVTRIPVTSRSSRSGETGQLTSLLFDHTCNLLWCADSGGYASSFTSMSPDNTGFGIQPPVSLYSYTRFRASPRGDPILQQLNHKKGIFALSKNSITFNTRRGINEACLTQSQLKSDHDKQAFSGLTCLTSAYSTSTDIIVGGTHSLFKIDMNKPSAIQYFSHDKELRFINHSSKLLALGNNSGSVDLFDPNSNEVIKSFSGHSGLLSDLDVKGNYVATCGLSSRPRRYGASGSANYVVDPLVNIYDLRMMRVVSPIPFPAGAKFAKFYPKIPNIVVIASSAGQIQFVDMYDQSQVHLYQADLTSPSPANSVSGMNSSYLSNLDVSDNGEFLAFTDGHNTLSLWGINSNGPGNFVSYPISLDLPEVTSQPSSVNAVGLDEPYPLNSVGLPYYKEYLASYIPAERIFTKETSKTPVKIDQELLELSERNPGKFLPYDPRKYGPRNVVTDDEGDHLKAPTKDKFNNTKQNLVPKFISERSATASPISFNRETETGSPNPGSTASFHEGHRNNDKNAQTTKISAFHDENDSETIFQYKASYTNQVPSCYSRLEIQYSKFGVDDFDFEYYNRSGGSFCGLENHLDNSYANSLIQIYRFSPIFYSVVTGSLLEEWLPNSSEVIIDQHNPQGSSVLNELGYLFDMMHKAGGKNVSINNFSQILSESPVAKAHGLIIKDEGVSLNAFQLQTLIITFNKFLVESVINDYAKQFNLFLQDMTSMHYELNIYTTNGEFIEMQQGSQATLDLMTPPASTLNRTGGGIGQNTYVPPQAVLTKRNYTLLTYLEYSLNQNKILPASNTNPFPLEIRQTLTKLGPVLSINIPFTAQEYELLRHYKKWLVPEFYATMGNNKKVSFKPVVTQLHQQADKYELLGYSCQINHDATSAPGKHNMVSFIKIRSPASGKDQWFLFNDFLVMTVPEDEVFNLSYSWKKPVVLVYHNAENPHNQNFSYFEIEFFRSIERLNDSILYRDHFACGVREGIKREYELLTRREAPQIGSLIAIDAEFVSLKPEVAEARLTTKKRIIRPSVLSLARISALRGEGEKYGVPFIDDYIVHTKPIFDNLTEFSGIEEGDLDPHTSTKTLVTLQTAYRKLWLLLNLGCTFVGHGLKSDFRCINLQVPKSQIRDTAELYYLPDIKRKLSLKFLAYMVLNESVQKANHDSIEDARTALLLYKKYLELESADEFEISLRRVYNKGYNLRFKVPEQEEY,0
MTAEQEKATPTDVQPVADKVSDLKIDTAASNDEAEDDDNNEAGGTSGKKKKKNKKKKKKLTNIASSYPDGVYPEGQWMEYPLEVNSYRTTDEEKRYLDRQQNNRWQDFRKGAEIHRRVRAKAQQNIKPGMTMLEIADLIENSVRQYVGNDHPKNQGIGFPTGLSLNHVAAHYTPNSGDKVVLKYEDVMKVDIGVHVNGRIVDSAFTLTFDEKYDPLLEAVKAATNTGVKEAGIDVRLNDIGAAVEEVMESYEMELKGKTYPIKCIRNLNGHNIGDYTIHSGKTVPIVANGDMTKMEEGETFAIETFGTTGKGYVIGQGECSHYALNQGVDVKAPSERARQLQNTIKETFGTLPWCRRYLERAGEDKYLLALNQLVRAGIVEDYPPLVDTSGSYTAQFEHTILLHPHKKEVVSRGDDY,0
MKDLTILNEGILNLQSQAFPDLTLIECTFDAVHDSMICIMADDARDVFEVQRLGKNGDHQILCYFESPCPGSDLISFRHFEDCDAMVFILSNGDVVMGKPDFEASDGFSVEIAGSIDANISAAQWSPDGEILVIISSSLKMHLVSRSFEPIFDTQLSEEDTSKVAGTNVSVGWGRKETQFRGKGFKALERERETLKHAGLDSIESSILHDPTVKEEESGRLSLYDDNSVRIAWRDDCEVFAVSSRLSERDCSSRRAIRFYSRFGELEAVSEAVDGLDCDIHWRSSSTLLTASVSSIREYDQEDEKLSKVIFFERNGLRHGEFERESEIVKQIAWSCNGEVLALVLHDRVQFWTTKNYHWYLKQECFIEGDGPSSLTFHPDKPLTIMTITAPNTVKVITLGITVNSGPSVKGFDGGIVCVTDGHRVNMTPLGISNVPPPLCLLELNHKDPVRSFAFSDTQKMLVTLTSRLEFYLNTNIHFEDDSVQSLKQLKLSTNFIKCAVSPKQVCLTNSCNLFVLSDGHSFSLIHIFSLPTGELRSEIRLPLKGAILKPSVDEKIAVVELIDGRVLEVDEGGDLKELCSFPQFCSQVEAIVTRDGGRIVVGLSESGKIFGGPRLIASSITSFKLTDQFLCITSAQSKLHFIHLSTMDHADLSYIGFTSIDDERTRPIERGALLVTVVPTKYAVILQAPRGNLETIYPRIMVLTAVRSFIKELRYYDAYIACRAHRIDLDILYDYDVERFENNIAHFIEQIKRVDYLDLFVSNLHEGDVTRDKYSETLQSRGDHGHTTAPQCPTSNEKKKASKVNRICNLMLEELAQDKYGGMYLQVQITAFACQKPPNDDGALQLIAAIADESSKDEAITHLCYLQDASHLYKRALGLFDPKLALCVAQRSQMDPKEYLPFLQRLHGESEFKKRFIIDDYLGKRESALRWLYELGDEFKSEFIDYVVKHSVYATALRLIKHDFDRRNQVLMLYAEYLGKTSYFEEAGRIFESLGANHEALVNYIAARCWKEALSLAKEIHQDEKVKEIARTLSRQLEECHNYRDSAIIESSFLNDDLRAIRLYCKAYEFDSAILLTKVSKLDDNIVDMELRESFGMMIELLADCTSQLASQVSRLREIRKRKALDPTLFYDSTNTEIETPDDVSIAESELSTTPSFFTKYTGKTEGTAKTGASRRTSKNKRREERKRAKGRKGTVYEEEYLIQSVGRMIERLNSTVDDATHLVQGLVRRKMWEEAYQIRTSWDKLTEELAERVEEVFTLSEKDRERIGENGEVYLIPDRQYREIVVEYALRSLLKAATIDKDDPITMKAILETLLILFMKGTTTNDEKNKNIENHTFPRSPNGKYVSPLSVSLEVDQFSLWIADETTSTPEYLACFIQCLQNHSNFQLKHYAIQLIEGLLITRPLKTKDLFTKITTSVSAIVSLLSDEHDQVKGEAIILLIALVRDSYDIQKLVAFENTFDTVFTILKEEGGLRGSVIVHDCLSLLHSLLAFNASNQRLFLESGCISKLSQLIEDLVGPSLDHTYENEAPSTELYWNPQRIKNMLSTLDLCNSFVEKDNQDSNYNQLTFFDSGVFLLLLRVAFANNMEGSIRSQALIVTGNLMAGNKVLQYEFSKIDVPWFDPSFPITSSQKPSIAAPVALVNWALSLNSVHSFDIRLSASTCFQCFVEDNHDLKIGFMEDQISSFIAEEHQQKADIITQTSPAANKGDPVYLTNLVSALVQRDEDMKLNPYKIWFAAYFMICLINDCHETRRIAQRLKVGNEAYGEDVMSFIEALAQNLVTVWESTDIRVPVAYISLLSFWLFEDGDATDNFLKDIQTVKSIISCVVKDSSDSNALATGMGFTLIGIAYEFSRCASPCPRKTFHEIIIKTIGIGNYALKVKKLYQQYFEENNGDIMSQSLTRDDFGLPKVYFIPLYQRLIKDNYYRIKQALLHDPNLDPPMRVTFELFEDLEIKYRDLKNLQQARESEYCEKVTNLKNEVSRIQRSCQNTERELEMKISEVEKLRNLVQQYENSTTIMKDDLENLDSKYASANKIALDATSKVGALQKELELMKRSKSELLLKYEDVSAKKVIAENGINKMNRELKELTRCLEDERTQLQESELKTKSDLISNQRKIKELEEEVQQLRYSHTVMNENYDKIRKELAEKMQFIETLQSDLKKSEFERNAKSEYAKNAVEKLKSAASVIQNLKMQIKMKDEVLKKAAEKLSAADENSEDSLNAIGFSLKATPTISQNPSEQFNNIGNDGEESHSKLRADYIRDSRSPLLHDEYMSAEQTAPARCSTSPDSGYSNMPDIRTLQLLETVTKHKVVVVQNDFVSKDEYMDCFSTWISKFDYLVVGPGPGHPAVDEDVGIIQWLFSHFKAHPESTIPVLGVCLGFQSLCYAFGNEIKKLPNVRHGQIFSIQASPSDLFGTEFLDFESVRYHSLGVLAEELNDEIITLATCLDESDTIVMAAKHKSLPLYGVQYHPESICSSQGEDLIRNFDQIATKFNNSRNRPCESGGLIRSKYVAESRSTSYTQILHQMYEPCGSRLRFPTTVYPVDFCDILLGKGHDLILLNSASEPGDWSIVGFPIKGHSEVITHSIDRPTIVKINKYSDNSSVQEFETPVWDLLKAKMMSRFVSSSAANHKLSHFINRRAPFCGGYMGLISYEEGQHINKKELGSMCKGDTPDIKLVFIERFALFDHKNSQWALISTITDDVEWVSSIKESLEMSAMEHASTRNVPSRVKELCKVEDEELICFDLPKRETYGKQFQSCQEYLHSGDSYELCLTAQSKVFVPSYVKAWDMYKILTVHKNPSPYSSFMSFDDCVLISSSPERFLSWKADLDDDTRRTVELRPIKGTVRNDDSISIDDASKILKTPKEMGENLMIVDLIRHDLDSFVESVQVSALMSVECYKTVYQLVSVIRGVLRDSCALDVLSQSLPPGSMTGAPKKRSMQILQEIESMQHTTQEKRRGIYSGVAGYWSVTDEADWSVTIRSIFHYGADKENKANVDVWRIGAGGAITVLSEEEGEWDEMMLKMRRSGARSYDFQETYEGFDEMEEEDAFNSETFDVGDVGKDFDFGSTAKSSAMSTSNVVPNVSYARVAANDDDFMKDLWGVSTGGGEVKESQKDPSNKKILSLEEIEASLTNKTPDTINHGLANQHQFLANTVPNFSGFMHPQGYMPPPGQYPLQGPPPYMGMPNPNGLYMPPTMSYSNIPRSETIQQVQAPGFAPNTATASYSASDTRNDPAFSVPSSGSTKKLSMVEQEASRANPSKKTDHANYSEFPMLGAERFSTKKSTKLSSQRPEVNPTEDVYHESRGMDPESEVSEPHSRRQEKISRIMRYSGVMNPKDKDFVTRLQLSQIVTDDPYNEDFYAQVFRVIHPRSIPGSLVSSIGHTEPNSIAQAYLDQSGHRLGGRFKRADVALQRMQQQVQKAVNVAKERQSLQQNEREGVLGKISVGSGKKPRQQLTILSKAAQKAKDNASIPIEQGECSSFLKPVKKYTKKDIMAILEDIINNLIMIEADSRTASNIDTSRLWNSLHVLENSSSSGDEEFSVNPFIQCLNFEKALKILPRLFKFLNREQSLTIVTLIMSNLENLTVIKSGSYTTYDERQIPEAISKLVDIYSLTFCKVLMNCVQEFRFHEIIGLLVILIQHNAVSFVSTTKIGLSVLTTLLSRAELIRGEGIISATDLSEWTSCYDELFTALESRIAAIFPPAHDDSQNDYVWQFLATLSLGGKLNHQRIIVDEVRDEIFGVMSRAKSIPNTDMARLHVKQNMLNNLNMYLVVMGLVANENEISELQS,0
MVLDFKNATAHLQTYSKKDGLDVKALIDSSNFGGLTYNDFLVLPGLINFPASEVKLESKLTKKITMKSPFLSSPMDTVTEENMAIHMALLGGIGIIHHNCSADEQAEMVRKVKKFENGFINDPVVISPNLTVREIRRLKETIGFSSFPVTENGKPGAKLLGIVTSRDVQFLDDDSVKASDVMTKDLVVGKKGITLTEGNNLLRTSKKGKLPIVDADGNLVSLISLTDLQKNQDYPDASKSFDSKQLLCGAAIGTIPADRERLDKLVEAGLDVVVLDSSNGSSIFQLDMLKWIKGKYPELQVIAGNVVTREQAALLIEAGADGLRIGMGSGSICITQEVMACGRPQGTAVYNVCEFAHQFGVPCIADGGIGNIGHITKALALGADCVMMGGLLAGTSETPGDYFYRDGKRLKTYRGMGSIDAMQQTDTNANASTSRYFSEADKVLVAQGVSGSVVDKGSITKFIPYLFNGLQHSLQDIGVRSVSELREKVHAGDVRFEFRTPSAQLEGGVHDGKYKKSEKELKDWIYKTLHVSSERRKEFDDHNQDLLDILKDGEFLCRLGDLALPGGPTKKYKNSRMPFVQMENISFFLQTCEHIGVPHEETFQTVDLFERNDPYQVIITLISFSRKANERNPEIEVIGPKFVKVKPQVPKKPLKLRA,0
MDDTKQTELPYEANFHMLTPPINIKNWIAENGHLLKPPVNNYCLHRGGATVMIVGGPNERTDYHVNQTPEYFHQLKGKMCLKVVDEGEFKDIVIEEGDSFLLPGNVPHNPVRFANTIGLVVEQDRPEGVNDKIRWYCRNCKEIVHEIVFYCSDLGTQVKEAILSFDGDDEARTCKKCGEYNYSKPQV,0
MSTDSLDNLDENSGDILLTISDYILAHFRSHVIDVASIHPPTHTDGLVAFATSETPQALYVVLNLDGLVTIASEMSETNLNDFASVSIFIKSKGPIRLDTPLQEQLSVVSYANDDSRDFITNGDPSFIKGFLDYVVSPYFELLASQDAQRTKSNTLRAARKKLKELSTTLNLLELQIHVPELLGALSPNALDLLRLSMPEEEIIQDTSLLNELTQVANFWIKQIQNITNLSETPSGVWSMSDEIQFWASMESALESLINQINQPEVKKVLEILSTSRRFQTTFMFQNNLRLSDKLEETKSFNALIKDLPFAGLTQAINSPNPFSAFETSIGDIFSHLRRWKSLRSFPLVRMIEFVELTLDEISNNLIHLFKSAKLAALSLNDFEELYEKQLTNIFKTLDISIKSMTNILRELMRKRQEKFMVIKINNEKINRIQDRLEHLRELIEKHHSLEEVISRSFVSEELSNQLTHAFLKHVIAADCFDFSNEGHLIWVASETCYLRVHADVLQILASSMNNKMNSCITLDDFVGLFQTMQNDTINMARLVSLIDDSHKIRFLAVARTQVLNLASSFSKGAQDFDISVAQDSDTILNSIQNKLSLKSRLHSIIESVTHSLGEDWSFFAIGSQIQDDTRAIFDKLDCLADFEEWVSSNRSSLHVLNKSGFIFEVKHINECREISIDLTYPRQLLTLPRLTYFLETAGFEVPTDILLASRKAATITPIITSLRESLEIFLLLITGEFVNEAFFASLYSMTNESIHRMLRLRSLSWNDVETECAILLEEHDSNNSVLLECKSLKQINAFQEAVYNHYEATRMLQNFRKLYDGEIYSKLMNCAFELSTIQEIVDEVCSTAVTLLPHASYTASFENTLRELIANALSEKCAQHLKYFVKEVHGKKGSKMRFPTLNHFIRCENGYFLIEPPIKSTKARLAAIINSSLEDLCKIRFTTIHGSSSLIWTSCPRGLSKVICEALDEVELIHANLGKHLEAWNKFGSLLTVDSKDRLLFCDLNIDQALSSLLEIISFMKLIEDPVGVTSIGGLISVLHSAVRKHLENSISSFRVTLFSQFTTRVTSISADMLTELKLCEKRFNNLPNMDNTSFDLLEYTSDLLESKKNVTVWKRYKGLLRECQKALYQNRQTLPSSWIHYDQFDSRIPNLEALISGGDSFIFQNLDLVQKRLSTAIEQYNNNLAVFMNNWHKNRQITSEMEPGQALSILAKSQKKLDDFELSKMRAIRVAQQLNIVIPKTTLIQPLQDDFDNLKLIWTSLRDLWDILEEIRKSPWADFQPRKVKLQLDNLWTQMRNLPALVRHYPAFGNLKNTIDLFSTSIIFLGELRGAALKTRHWNKILSSLNAPSSINYDTLKVLQLLELDIKGHESAIRSILKQAVEEQIIEESLLSIEKEWSTITFETFDFEGKCRLVRNWNFLFDTCQDHVSTLSSMKHLVSHGEFEERRNSLESKLVDLLSIFDIWIEVQKKWAYFEGVFGNSPELSASMSIESARFNNISFEFLNLMKRVNNLTLVIDILSIRDLKATFKKMEVSLENTKRGLTQYLELQRDIFPRFYFLGNDDLLEFIGGSRNVKIINKHIKLMFFGVESLIIGDDTHDIIALKSPEGELLSLVSPVSLFKSLTLTQWLSELENIIKLTIAQNIRDSYSEVCEVIKNPSQLKSLFAIIDKYPAQALLVSLNIFFSQKVKNRTDSDCWRQLSDFYSKIVKQVASISEPRHRRKIEALIIELIHHRDICSEMIRRSEREREETLNNIQQYEFSSAANSPLESVIIRQGRQEFSYGFEYSGVVEKLAITPLIDQCFLAMTQALSQGMGGSPVGPAGTGKTESVKALGHTLGRMVIVFNCGDGFDDKSISRILLGLSKVGCWGCFDEFNRLNTTIMSALSPQIEAIQGGLRGDLQDIMISGKSVRVHPNTGLFVTMNPGYAGRNEMPESMRRLFRSFWMAKPDLELIADIILTSQQLVHTETLSKLIVSTFEELKIKSTSQRHYDFGLRAIKSTLRMCGEKRQGLSESSSSATIEEEKSILKSCLKASVSPRLIPQDVSVFDDAMSKFFTNLNDDVSEEQDLIRKIEANASGEGLAVSQNFLLKASQIILILRSHHGIILVGELGSGKSTILRHTLNAMSAFEKTTHKTFVMDCKALSKDEIFGSLDPITREWTDGLFTNILRTNLSNMKGERSHRVWVIFDGDIDPIWAENLNSVLDDNKVLTLPNGERLELSDNLKIVFEVDNLENATLATISRCGMIWFDPSELKPMMVWKKFLFDLRFNEWEGIEKDIPSYERMDLQKNIADSSDILTDQFFSKAIDAAGEFKHIMRFSRLRAVHTFCTFYSTHISNLLNFEAKHQILVDELLGEYVLKSLFLSAIWAFSGDCPAQQRNLYIQKAASFMEFSHLEIPPDVIEYRVSVKDSGWTSWQDNVQTLDLDPHQVLDPSTIIPTVDTVVHENLIHSLINRHTPLILCGPPGSGKTMTFLKALRKLPNLDLISLNFSKETSPEVFVSLLEQNCEYRRSNRGLKLAPKVDGKWCVVFCDEINLPSEDEFGTQRVIALLRLMVERHGFWSSKHREWVSLEKVQFVGACNDPEDPGRSQLAERFLRHACVVMVDYPGRSSMMQIYETMNRATLKCAPDLRGFSGELTAAMLDVYFESQRHLTRDMKSHYVYSPRELTRWCRGILKTVSSADYTKIEPLVRLWYHEGLRLFFDRLSDEHDKVWTKTLFLNTARKYYPHINVESTLKEPVLFSDWLTLRYEPVSVGELSDFVRERSRVFSEEELDLELILFDDMLDHILRIDRVLRQHQGHMILIGPCASGKTTLTKFVAWMNGIKIVQLRVHKGFTVENFQRKLKEVLISCLHGDKICFIIDESSLLEATFIERMNTLLANSEIPGLFEGDDYASLIKLCAAESSSQGLLLDNEDELYAWFTNQVSLNLHVVFTLSDVGVDNRVQVNSSPALFNRCVLSWMGDWSDSTLLEIVQKKLQGIALDSSPYEPKSVDSSRFAVNTFRDAVMRASIILHQSTKSYPNQFLRFVDLFKCLLLRKQNELDDNKRQLTSGLDRLKETVLEMTSMKKLLSEKQINLQAKEADAKRMLDEMILNQNEAERKREFSVATQVELEKQEAQINKRRAVVLHDLEIAEPEVLKASRGVQNIKKQHLTEMRSMSNPPAAVKMAMESVCVLLGYDVKSWRDVQLVVRKDDFIASIVSFDSEVQLTLELSDYMERVYLSRPDYNYETVDRASKACGPLLQWVIAQLKYYSILENVLPLKQEMELLEQAARKSKAQLIAIAEMIRELEESISTSKKRYTELIREAERVRVDMETIEKKLKRSAHVIESLTTERERWESGIKQCDKDRDVIVGNAVLSSAFAIYCGDKDQKSRNAILEGWRQQLTSLCIPFDKFLSPISFLATLDDIAEWSNDKVPLDNLYDQNFAIKKWSDFTFIIDPSEEVWEILANSANIENTVKTTFLDKSFLRKVEDAMRFGGSVLIAHAELYDPVLDPILRKEYSYTGGRRMVQVGNKMVDFLDKFKIIFFSSDLSCTVPSSLKSRVTIINFTVTSSILEDQALDSCLEYTQPTIYEKRKEIVFLQSDYHIKSHKYRQQLLATLNNADGVLLDDDNAIDALEGLKSKSTDLDTRFHESESVLRKCDEIRSSFHEAAIHLSGIFGVIQKLSHFSTFYTISSKTLVQIFKTVLHQQGEDLDIRTMVMQIYRSVFACYAPSLRNMDRITFALALAITFASISEGDCVRSATKRVLSIVNVEDANQSLVQTLLELLSIELTDQLDLSYWSRIVDSEKETKALSLVSPLVKKLLGSVEPWTIVFEGMMEAAFGFSFDQRFILDLPELLLQDNKLILIAETRHIELTSKIQRLAAANSRVLKVVAMGTSEAAEIAMNELEDAMNGGAWILLQNVHMGSTLLNDIEVKINSTSKHEQFVLFLTCLLDSANIPSSLIANSSVLTYEEAPMFKKTLLDSFEYILKQTGSSLSVTHIIVLMLSWYQAVLQEQLKFVPVSFAEKFDINDNDLASSSFYIKSIFNDFQGKHTIRPDEIPWTEITTMIGTIIYGGKIANEKDCQFCKLLAQELFKENIFDEDFIMPYTDLLKLPPEGSSQAIRKWISDLPNTPPLQWFGLKESVLTKFQESEANEIAQRTLAIV,0
MSHVQSAAADVLDISAPAAPTPPPPSPCACAYCGIDAPNSVVKCDSCNRWFCNGKLHLAGSHIVTHLVLLKHHVVSLHAQSELGAETLECYNCGSQNIFMLGFVSAKHDSVVVILCRMPCAQLRDINWETNEWQALISDRQLLPWVASVPLDEEMAVSRKVTHEQITKLEAQWRLNKDATIDDLDKVEAELDELMPVLLRYQDLYQYQNAFAPLVEAEALCDKSLKELQALEHISVRWEVAENGRNVASFALSTAEKSNLVVAVGDEIILHYREPGADSDTWSGKGFIVRLPGVRLEEFSLELLPVNEEPPSHATTGFTAEFVWKGTSYLRMQKALQVFATEEESVSSYIFHKLLGHEVVPVVFSMTTPKKLSVKRLAHLNDSQANAVATVLQRPLSLIQGPPGTGKTVTSATIIYHLVRLHKHKVLVCAPSNVAVDHLAHKLDTIGIRVVRLTARLREDVDSSVADLALHKLLEVRALKKIQKLMRRKRDGELLPDSSEKMLYGALKKLENDIIGGAEVVCCTCVGAGDQRLSGYNFRSVLIDESTQATEPEVLIPIVKGLKQVILVGDHQQLGPVIIDKKAGEAGLKQLLFERLIALGHLPIRLEVQYRMHPALSEFSSNMFYEGSLQNGVNLEERAWRGLTFPWPVPDCPMMFWANYGKEEISGSGISYLNRVEAMNVEKIITRLFRDGVRPDQIGVVTPYEGQRAYIVQYMLMNSLIVERRSQYADVEVASVDAFQGREKDFIILSCVRANEDRAIGFLKDSRRMNVALTRAKYGLVILGNPRSLSKDNLWNFLLIHFRERGCLVDGPLDNLQMSMVPLGNPSEKRRQQPPVGNGPRPSFDDFETQSMLSYVPEDPAFGHNDDAKWPALGAIDDDVRKAAEMFAKGLNI,0
MREDQCSLGKLQVSLRDAEDNYPGNPFDLFVVGVRMPSTGLGCKIFINRTGTFSHSLLLTRNYTSLKKMADGVFQGAIGIDLGTTYSCVATYDSAVEIIANEQGNRVTPSFVAFTPEERLIGDAAKNQAALNPKNTVFDAKRLIGRAFDDENVQKDIKAWPFKVIESNGNPLVEVEYLGETKTFSPQEISSMVLTKMKEIAEAKIGKKVEKAVVTVPAYFNDAQRQATKDAGAIAGLNVLRIINEPTAAAIAYGLGAGKSDKERHVLIFDLGGGTFDVSLLNITGGVFTVKSTAGDTHLGGQDFDTNLLDFFKADFKKKTGHDISGDSRALRRLRTACERAKRTLSSVTSTTVEVDSLFEGEDFSAPLSRARFEDINAALFKSTLEPVEQVLKDAKLSKTAVDEIVLVGGSTRIPKIQKLLSDFFDGKSLEKSINPDEAVAYGAAVQGAILTGQSTSDDTKDLLLLDVIPLSLGVAMQGNVFAPVVPRNSTVPTIKRRTFTTVADHQTTVQFPVYQGERVNCSENTLLGEFDLKNIPPMPAGEPVLEAIFEVDANGILKVTAVEKSTGRSANITISNSIGRLSTEEIEKMINDAEKFKNADDAFAKRHEQKQKLEAYVASVESTVTDPVLSAKMKKSAKDKIEAALSDAMQTLEIEESSGEDFRKAELALKRAVTKGMATR,0
MAETNNVRVIVRLRPPLPREDGLEDCLVEMPAGKNTTILKNNESHKKYIFDQCVWSYDAYDEHYVDNTGFYQSSGPQLVEHFFQGYNVCLLAYGQTGSGKTYTMMGHEKSPGLIPLMVRDILRHKDDLVQSRINCKLYVSYVEIYNEKVKDLLSNSKQCRVREHPVTGSYVEGLEEIPVTLFEQFTLLLAKGNGNRTVASTQMNISSSRSHAVITLTLEQTKYVSEDALDVGEPNEKILSSIRLVDLAGSERLHKTGSFGQADRMKEGTQINKSLTVLGRCINILALANSSKPPPVVPYRDSTLTYLLRENLAGNSKTAMIFCISPFDYEETQQTLNYANQVKNIKTKARANTSAIKAPPIEWDKFKDMDKLVVETLKDRVRDLTLQLEARSDSVKTTSLVKYLEREAEKQAFEIKYLKSKLQLQEKEVKELTAQNTYLHKELLENYEKNRTQSRNVILQQATFLAETCRKESQSIEEMLEFFDPAKVLDKSTPVPPAPT,0
MPLADLIAPALSTAQDEETFSYAKVDVAEKKRLHLNLQPDEDYLGKIYEYYNLNEVAEFLRQKDEAGVSPRYKRVTLQFPDSLVCDAAAVTQQLQRVLGLTVATDESATNCDKGCQVSCCKTNTDKESNKEKEKENDTIFNSPQTLWVLADTSYSSCCVDEVAAEHVKADLLIHFGDACLNAVSKLPCAYVFGKPLVDIHKLVDQFKGRYPEKDAKVVLMGDAPHTYILHHLKESLLEYTNLVIGDVEALAAPILGYKPMPARATSLRALNRVYHGLDEDDLALANYDLFHITAPETPRLLQLTTKFLLVTLFDPLDNSVSQGPYPNLMRRYRYMHMARAAGTIGILVNTLSLSNTREVINGIAKKIKEAGKKHYIFVVGKPNVAKLANFEAIDLWCVLGCDHQGIIVDQNNEYFKAIVTPYELLLALSDELSWTGQWVTDFKSILSEIGNELDDEQDEAKKEFKEVVDGSDSDEDAPMFDPVTGKFTSNAKPLRRLQHLQITQEADPESQLPDSTALVQKLSLAIALRNTVSTSAAHLQNRAWTGLGSDFRNQEDDSESDFDESGAAVEEGALGIARGYDYDRTNKSQGSSFGA,0
MRIKVKTSSATDVIAFDDESISVAELTQLISASSPKLANVSISSFKVGFPPQSIDAHSTISIKEAGIRPNQQILAEETPSQDKPVNVAPSPPSRRPTESPDIPSVHIKLLDKYAILRNVPDDNSCMFRAISYSLTNRLSMNDIDLRQLVSSKIASDPFTYNEMVLGRPIDKYCEWIEKKDSWGGAIELGIIAEALGIRINCFDVELGNMMVFQDEASKPEKFICLVYSGIHYDSIVLNSVLSQSKQGDVGYWTQHEEDIVEASKQLVKYLQLKNYSTNTTTFRVRCLECYLVLVGENGASKHANETGHFSFGEVK,0
MTSPFYVSAPGKVILFGEHSTVYGKPAIAAALGLRAYLLVVPNEDPNQICLEFPDISLKHLWNRQDIPWGSLQQFIDRHEGKPVATDELIPEILDNLSDLLDMEDQRTYITCRCFMYLYSNLCSPDTPGCHFVIRSTLPIGAGLGSSASVSVSISTALAILGKHIEYPTIAIDTKHHGKGTPDSNFIDAWSLMGEKCFHGNPSGIDNAVATHGGAVMYQRFGGPGNVAVRTNLRNFTGLDLLLTNTKIPRSTADLVGGVAALTSKYNKAAENILLAMGEVAMDAYDAMLQPTVNTNVLSELFNINHGLLVALGVSHPALETIKAIGDSHKIGATKLTGAGGGGCAITLLSPDVESSTLDRVKKEYEAKGFETFQAQLGGKGVGVLQFENNSEPEMFSAVNFMSQETREHIEEAIGASKVAGWRFW,0
MSTAPVQYLLNSDTLCKRCSEKNAVLISRRDAFCLDCFVWFVRGKQRKLMLNERYKVKYGAVAEKLGTQKVLLPLSFGTSSLVLLDMVASLLREQNLAHKGKQGFELVVLHILEENGPSKAEAELIMHELLLRYDPVTVHYRIIDPEMFLLDKKSLQRIQVSAEFDVLSKQQQLGNSLTVLLLLESCRTNSSRADLLQLIYHDLIIQSAIQLRCNTILLGHSMTRLASEILSMTVKGRGVEIHEAIADRSISYEGNEFHIIFPFRDILFAEVEAVLSLTDGLKQFHVETSKGTSIAKNMTVQALSTKYFDDLGANGYASTASTVVKTAEKLGAPKCEITAKCRICQADIYTNPKQWLKSITVNAAAPLETEAEVELAEGYAKVIGKSHVSGDSLDVCYGCTVMLLGAGDQFAWPMRATREEILDEFVLTDEE,0
MSLKLPSAPNAGLFKQGYSLYSASDGAMIRNIEAVREISSIVLTSMGPSGRNKILVNKHDRTFITNDAATIINELEIVHPAVRLLIQASKQQEFEMGDNTNLVIVLGGELLNIAEKLINLGLSVPEIIQGYNMANKFLQETLEKLVVDRVKNIVEPEELLKVIKPVIAAKQFGLEDSISKLVVEAVRMIINPKKPQAFNIDNVRVVKIMGSSLSNSEVVKGMVFPREPEGHVENITEKLKVVVFTCPIDISTTETKGTVLLHDAQEMLDFSKGEEKQLDQMCKEIYDSGVRVVIAGSSIGELALHYFNKYDILVLKVPSKFDIRRVCQVCGATPLPRLGAPMPEEMGTIDVIETKEIGGDRVTIFRQDDASVSRTSTIILRGATQNNLDDLERAIDDGVNAIKGLVQDNALLPGAGAVEIELVKLLTQYGERTPGLMQLAIKNYAKAFEVVPRVLAETSGLDSTEVLSALHAAHSAENNSGLCKGIDVENSTDDGLLDIKEHSIYDLLSTKRSAITFATEAASTILSIDQIIMAKRAGGPQVPQQRRPGNWDQDD,0
MAFSNQTPTIVVLKEGTDALQGKGQILNNINACLAIQETLKPTLGPFGSDILIKSSNGKTTISNDGATILKLLDIVHPAAKMLVDISRAQDAEVGDGTTSVTVLAGEFLKETKSFIEDGISLHLITKGLRKACELAVKKIEEIQVEIKKEDTSNFRDLLERCAKTAMSSKLISKNSDFFTKMVVDAVLTLDDDLDEKLIGVKKVPGGGMEDSLFVDGVAFKKTFSYAGFEQQPKKFTNPKILNLNVELELKAEKDNAEVRVGQVKDYQAIVDAEWQIIFDKLEAIKNSGANIVLSKLPIGDLATQYFADRDIFCAGRVSSEDMDRVIKAVGGSIQSTVSGISEKDIGTCAEFEERQIGGDRYNLFRGCPEAKTCTLVLRGGAEQVIAEVERSLHDAIMIVKRAVKHRTIVAGGGAIEMEVSRYLREYSKTVAGKQQLIIGAFARALEIIPRQLCENAGLDAIELLNVLRSAHAKGEKWYGIDFHKESVGNNMESFIWEPSLVKINALQSATEAATLLLSVDETIKNLESEQAAAGRGRGAY,0
MATQSGITASESLLQEFKSLNNGALVITLNSESTQLVPDNSYKLPSSGDLSLVFESLNEYFGAQYPTPGYAVIHTPESGFIFISFIPDSAPIRQKMLFASTKNTLLQQLGSSNFGTKNILALTEVEELNLLHYKHLTQGLNESLLTEEERVLAQINSVQNLNLGQPTSQSFKRELPSMHSGSALPSSSGSNLLFKMDPELEKSLLGDFLGKLVVIRIDKDTETLVLIGSESDVTPQTLISSLEKVVGASETSPIYALFGHDTDKVAFVYLCPSGSKVKDRMLYAANKQGFLSHLKSDNLKDKQLDVVLEVGDLDEIELSKLEKEASASTTQTNSGMRFSKPKGPRRR,0
MRPIKLMGHERSLTQVKFNREGDLLFSVAKDSSASIWYLSNGERLGTLEGHQGTIWSIDVDSKTLLCATGSADLTIRLWKAETGECVYKWDTTSPVRRVAFSPDNSKLLAVTDKVMGSKGAISVYNINYDDIYNQNPEPILVINTREDATKVTVAGWAAEGQYIIAGHEDGYVSKYDGKTGEFIQTVQAHGIHNEEKIVSITDIQFAPEDRLYFITASKDKNAALIDIDTFEIMKVYKADAPMNTAAITPKKNFVILGGGQEARNVTTTAESQGKFEARFYHKIFMEEIGRVKGHFGPLNTVAVHPDGIGYVSGGEDGFIRVHYYDKSYFDFEFDAERTERVLAQSQAKAQEV,0
MSDWKSSLNVPAKDTRPQTEDVLTTNGKTFEDFNLKRELLMGIFEAGFEKPSPIQEESIPMALAGRDILARAKNGTGKTASFVIPALQQVKPKLNKIQALILVPTRELALQTSQVVRTLGKHLGIQCMVTTGGTNLQDDILRLNEPVHVLVGTPGRVLDLVSRDIANLGECPLFVMDEADKMLLREFRNVIEQILSFFPQGRQSLLFSATFPYAVKSFMDKHLTKPYEINLMDELTLRGISQFYAFVEEKQKLHCLNTLFSKLQINQSIIFCNSTNRVELLAKKITELGYSCYYSHAKMPQLARNKVFHEFRQGKVRNLVCSDLLTRGIDVQAVNVVINFDFPKTAETYLHRIGRSGRFGHLGLAINLMSWNDRYNLYKIEQELGTEIKPIPAQIDKSLYVNEDEETIPKPFKLDQLPKTKDNARNGYEYQGQPLMPPQNVPPQGAPHQVPLQQVPQQSQHLQYPIQNASQLQQPQQPQQPQQSQQPPHLQFPGQMPGPQGGQFPHGMPQYPQYGIPPQYGYPGHMQSPPQFNGHPPQFNGTAQQK,0
MWTADPGALEQLRTIFQGTLSANKNERAQAVEALNQAKEEQEFENYLVDLLVRDDLGAADVRAAAGLNLKNLILRNPHVARPYVLDTIMNGLLAKETMARNITGTVITSLFSIYGIDKWPHALSHLLSMVEAEDAAQLTKEAAMNALSKICEDSAYSLDKEYKGERPLNYMVPKFIKLAALREVTSVVRANAVGCVNQFIPLKTQLFLVHIDEFLQVLFSLASDSDCRVRKNVCTAFLLIIENRPDKLVPHMDGVVTYGLHSVQDDDEEVAMEACEFLLALADSPAKGHKELFRPKLQEVLPVLLEKMVYLEEEIFLIEAADEKDDARVADRDEDIKPSAAKAKEHVVSRKTEKKKKKQKEDIDEADDEVYDSDGSPIPRELTELSDDWDSDDNSDDDDELDTWNLRRCSAATLDALSLEYPKEVIQITLPILQEKIVSQEWPVREAAILAFGAISTSCMELASDKLPTLVPYLVERLKDAESRVRQISCWTVSRYASWVASEAHEGGTYANYFQPTFEAIVQCALDNKKVVQEAACSALSDFIEATDVSLIKYYVGPLMEHFAKCLHIYQRKNMVTLYDCISTLVDKIGVSTFNTKPEYVSTLLPPLLHHWEALKDDDSELWPLLECMALVAAAMGEAFAPYAVPVYERAVKILSNAVRMNQEVHTHPEIEAPEKDFIVTSLDLIDGLVQGFKGHSADLMKQHGANLMDILFICLEDPDDDVRQLTFALLGDLAIHVCDETILPYFDTLVWRIGAEINNYTYVRYPVTSNAIWAFGEMALKLPKEKVKPQVWNISTLLIRILNSPDSQHSVLENAAMCLGRLGVAGADDIAPNLPEFIHAWCAQMMYAPDNEEKESALFGMFEIILKNPAQGFGPLNTQQGRKNLAVFLDCMANYEVTNEKLHNLFYDFLLGYKQIAAPHWEEVFAATSPQTQDVLRPVIS,0
MESLEPPKSLSSVKHIMLILSGKGGVGKSSVTTQIALALALKGKNVGVLDIDLTGPSLPRMFGVEKKQVHQSRSGWVPVLVDSKSSENGSVSLMSLGFLLKQRGDSVVWRGPKKTAMIRQFMKDVVWPDLDYLLIDTPPGTSDEHIAIAEELRWAQPLDGAVIVTTPQQVATADVRKEINFCKKVNFNIVGVVENMSGFICPYCAECTNIFLSGGGKQLCDSLDLDFLGSVPIDPTFVEMIENQDTSEADLDKKLLHLYKSANLYGVMDKIVGQIIDKNLPARI,0
MSLKQLFFNELRRCCNDKVPEKVLVALSGGVDSMCLTHLLAEYRQSCQPLLNIHALTIDHGYRRSSFEEARQVGLQVSKWGVIHHIESLEYDRDVNAITNFEEVARNLRYQALQRYSVDLGIQCILVAHTLDDQIETFLHRLQMNSTLYGLNGLKRRSPLPLKPLGPVESVKPSHVCRPLLSFSKKELKSICEEDHINWYEDVTNADPDLTKRNWLRYLVNEYVPSSSQSKNHPLSREALVDSIELIQAVTKCIEAHVKRLDKYIRENCSFEFLEDEGSIKFTVSSSYWKLLDNSVCARWLYRIMYPISSTETYHWSYAKMERRATPRIHKFMEGHGDDVLSMTYLNVMLQFKRCADDIVEVTLKRQPLPRYQLEAARIQMHLNEHPLPWSLFTNIWWIRLRSHTRRNVNIGPYDSSMRLKVLQSFPDLKNIMQGIPVVFDDESGDVIALPTRKKALSGIEVECYIKKED,0
MFQSWADAEDDIPVPEITTNPDGTKTVVSYRLNAKGQKVKITQKIKEVKVKERVHPSIAVRRGWAKFGKEKHTPPGPDTRTTQLGEKIELKLGASWKELEKKEEEEKMEQKVNLVSTQRLTCRTCGGDHFTSKCPFKDTLGAETAAPGGGGATPEPVESSKYVPVHKREGAPSREARDDSCTLRISQLNTIVDEQMLREELLGKYGPLQRCSLIRNRETGESKGFAYVTFATELLAQRALDELNGKGYYSLILRLEWSKKKKT,0
MGPDGEVQLSSPSKLSYKRPLSAMDPSPSKKTLIIERYSVPETSSKLDKSMRYALGRNLLQQEVEQKHQELLLYKKQIMSKKTSIHNQELVNRKLEDEVREITRELREVEENVKQLDEAEKDSIQQIESRVQIKKRELKVNHEKKLMDLKETLSQEIDKVVEETARKNQETKATLEMEISKLRTSLRLVQKERTRRLIQLKENHSRYLHSISESHKVELERVRIAENELQEQIQNNERHIRDLQKEITEQLHAKKISMELELTELQESYSSQEQGRKLIYDKILAANDAIAKHKGSMEHRIKEKEAYGVETEALHELFPSLELKRRQLHAKLHDLKGNIRVFCRIRFDNSGPHSLIETSSPEEFSETGKQDLALSKSEATSQYSFANGIRNEPNLFQFDKIFNTDVSNREIFEEWCQLVQCALDGSRVCVFAYGQTGSGKTYTMSNEADGMIPLSIEKIFDDINELRSYGWEHEIDANFIEIYNENIFDLFAPTSLPVKHEIKHDDMSQTTTVSNLRTKRMHNAKEALEMLRSANKRRATAATDANERSSRSHSVFTIKIKGNNQKSGELKAGLLNLVDLAGSERIGSSHATGARLKETQAINKSLSCLGDVIYSIARKLNNGQNNHVPYRNSKLTYLLKNSLQGNSKTLMFVNILPLLKNFGETLNSLRFATKVNRTKVSQ,0
MFKGKSQRELLQVAKTLIQPLKPSYHKGQAGKIAVFGGCEDYTGAPFFLAHSAALVGADLSHVVCEKQAAPVIKGYLPDLMIHPYLYDLENADLRQWASPEELAKLKKVPLDEILIQKDDLDKIIENHVLPKILGLMERVDMFVVGPGFGRDALMLKTLVRVIEEIKVVNKPVILDADSLYLVSVRPELIKGYPKAVLTPNVVEFGRICLALAIDNTDDVECAMRVLKALGNVTIIKKGAHEVIVRKGSHVINELPGSLRRVGGQGDTLTGALATLLTWAEHYNSGFWEGSGKIDEDEALLLACFAACSVVRVASGKAFGKYKRAMQTLNVHEFLGEAFEELFG,0
MLLMSVKKPEIKSKRDDFPSTKTRSGKLLEDLDDDVLRVNKLKKEFKKNHSLKDSNNEDDDQSWQEQSEYFKNIDTKSFRQYDLACSRVKDFYEEQHEKQTVAYNIQARINFKTKVRAKMTVWEGLERLNKLLDESDPDTELTQIDHALQTAEAIRKDGRPRWMQLVGLIHDLGKLLYFFDSKGQWDVVGDTFPVGCKFLKKIIYPDSFSKNPDFFNPLYNTKYGIYSKNCGLDSVMLSWGHDEYMYHIAKANSTLPKEGLAMIRYHSFYPWHQDGAYSYLMDDHDKEMREAVRAFNKYDLYSKNDEQYDVEELKKYYIDLIDEFFPEKIIEF,0
MAPSEAQNALTIDDLRENASSILSDSLTSRRVPALKLINRYLTSKDDLSLVQDKPLVQTLTMLVLKSYNYYQDAASRTEAALVLENLAQLDEDYAKAAIKYINAIALKLANLALTGLVSLLTWSCMLVVVEGQRQSAELSKALTNLAILLENCVEASLEGGKLKSTHKKRVLEASLAQTKNTLIQIFTRNSPDAVDQFVKNTISDSTISPSAATLFLAVLAEALHDLQSSHPAYIAHLKESELSSSITNFFAEKVVLAKTGPSAFAISYFTKWYLDEISTRDEFVKKILPNLEKAILRSSEIGFCHLMCPIFENKSDTIDLSDVFATSKILSHIISGVKSTKEHVRDKAAKSLILIFKNALPKISSADAAKVMDEIVKAFKGTTNPDAKILLAKSLNDINVHDVSGFSKMFSSLLPLAAKELNEGILHALTGTLISQFVSCLRYGYGLPSDEVTKVETQIKAGLSNAKLNLRSIWATQLGNALYRSQEENDDVVSLFKLILPELTKSLEEAILSPLLTVSNKGIACAYVAIAISHKFVQKTEVDSEKLFRKPLNDSSESFSILLSPKVLAKLKENEQKWCLRALIACFDYLKEHSQKFGTSLLYFTISRNVPFDVRMEALDSLRTLMNREGVKTSESVLPAIHKVLYLAEGDSQDFADLNLDFKHLAQVLNVVVQQLDPDLAEKNLIDIIVPAHHPKIPVKEEWIGVALRSSLDPGRVVASHADEILDKVLNVLATSDINGDIFKAAKKAFVTIGFVSPAVAMPKIADFLETDFDISVLDEYDATTVKIWKANEGDLVVDVLSDKKVKNEDKNSKDYETRKWEENLKKELAQKKGVKKLTKEEQQLVNNQLSEELRIRKELDSKIRTLLRGFHIVQALTSIARPDVFNYGGTRWFLNAVNGMLSVIKHPLSVDIFGEFATSVFIETSKVINYRLGPLKEMTGVAVLRVHEAKGIPERYLELPLIELLGKVLFRIKILVDDWFDTLSFIYILPMLTQILIQGRDIALKNSKKRIVTSEFEEEDPQEEQLLLTIDIISSLASSFSDETISRDMILKSLLALMKIPTKAKLAKECFLTVCQHIAVSLTELDVDLLLSNLITPDVFVKTAILQGIDSEFDLSEDLTYSNELWIATHDNDANVADLAATIWEDSKLELVEDAPHRLFKYFGHEDAGLRLTVAKALASAVKFLKEKNGEIFNDTLEKLIILFYEMENPPPPPLDKFGLPITNHASQKDAWEDRSTVALALKQIAPLFESKKSVEDVFYFLVERETLGDKEDSVGQELLEAGIAILEQHGRTHVEVLIPIFEKCLGQKDQGLKKQDRIKERVIILYGTLGRFLDANDDRLRIIVDRLLATLDTPSEDVQYAVSECIAPLVKSIEPKLQDHLDALFDKLWKGQSLAVRQGAAYGIAGLVKGAGIRSLFSNDVMRNIMSAAEDKRSDRIKEGVAFTLDCLSQSLGAKFEPYVIEALPFLLKSLGDSSSAVREAADMTARQIMKNSTSYGVKKMIPLTINHMDDIAWRTKKGSVELLGSMAYLDPTQLSASLSTIVPEIVAVLNDSHKEVRRAAEQALKRFGEVIRNPEIQAIVPDLINAIGDPTKYTDIALDKLIRTQFVHYIDGPSLALIIHVIHRGMKDRSASTKKKSCQIVGNMAILVDSKDLLPYLNSLVAELEIAMVDPVPATRSTGARALGSLVEKLGEEQFPDLIPRLVDTLKDQSKAGDRLGSAQALAEVICGLGLSKLDEMLPDILKQASSPYTHIRAGFLPLLLFLPVCFGSQFAPYLSSIIPPILSGLADTDEEIRETALKAGRLIVKNYANKAIDLLLPELELGLTDSSYRIRLSSLELTADLLFQVTGISGKNELTEEQSSVNRNLVEVLGQERRDRMLAALFICRSDVTSVVRAAAIDTWKALVANTPRTIKEIIPSLTMLIVKRCASSDETHRQIAATTLGEVVRRVGANALNQLLPSLEEALVSGDSDAKQGICIALSELINSSSEDALQTHQDVFIRIVRESLVDSSAEVRKAAAQAFESLQNHLGKVVIDEILPNLLNLLESSDNSENALLALQDIMATKADVIFPILIPTLLSPPFDASKAKSLSSLASVAGHALYSRLGSIVNTLLQAVIDTKNTGTPEEQTEVEEAFDNILLSIEDDEGVHPIMQQLMSLVKHQDADKRAAVSERLGPFFAKTNLDYSIYVPDMVTQFILALGDKDADVVKGTFEALSSLVKAQDKTMLEKLVKPAHQSLSIAGVRGEELAGFALPKGPSCVLPIFSHGLMYGNAEQRELSASSIAEIILRTPAANLRPFATTITGPLIRVIGERVSSDVKSAILTALTNLLLKIPQFLRPFIPQLQRTFVRSLSDVSNDKLRHGAVNALGVLIEFQPRVDPLVTELVQGTKNAEDQGIKTAMLNALLQVVVKGGNNMSESSKSSVMALVEEEINTVSEKSAVAYARLLGSLSQILSTEEAANILLTKILNKRQHSEDMKFAILSINSFLRDAPKHIFDTGMLDEIVHFIVECSNNSIPYISDNAVIALGKVLLLHGETASPKQAGSDKATSPWQLPEALSSKIVSQLCKCALKPESNSPDTRRLSLVVLRTVGRLKHDVIVTPHLNEISPAVFSCLRDGIIPIRLAAEKAYLAVFNLIEDKDMKEFTAWFDEASKKPISTITGVTIQPRSIGDYTKRVASRLANVERERLQDGGDDEALFSDRIEDENEIWAVGGT,0
MQAPVVYLNANTERQSGRQAQVLNITAAKAVADIIRTCLGPKAMLKMLLDPMGGIVLTNDGHAILREIDVSHPAAKSMIELSRTQDEEVGDGTTTVIILAGEILAQTFPYIEKNLHPVVIIQALKQALSDALEIIHSVSVPVDTENDEAMIKLIKASIGTKYVHKWSEKMCQLALQAVRTVKVEQGDYKEIDTKRYVRVEKIPGGEVTDSEVLDGILLNKDVTHPKMKRHIENPRVILLDCPLEYKKGESQTNIEITKEEDWNRILQIEEEQVKLLCDQLLEFKPDVVITEKGVSDLAQHYLLKGGVTALRRVKKSDNNRIARATGATIVNRVEDLKESDVGVKCGLFKVELIGDEYYTYLIKCKDPRSCSVLLRGASKDILNEIDRNLEDAMAVARNVMFEASLSPGGGATEMAVSVKLAEKAKSIEGVAQWPYQAVADAFEIIPRTLVQNCGGNPIRVLSQLRAKHAEGQHTFGIDGENGKVVDMNEYGIWEPEVIKQQSIKTAVESACLLLRVDDIVSGVRQQLQ,0
MATVTVAAKAPFIAYSAIIAAEFVNSTTDKAITVEFVDDKSVEAGKDATVKYAAHDKAVYGDIEVLNELTSLSPSINAVSDFTWVNFAFEKLANKNFKALATDLEKLDAHLNFRSFIVGHSISVADVAVWGVLRANAVMGSVLKNEVYTNISRWYNFIGSDSRFDSVAEKTTKSINDLRKSVKAASGAKKETHKANFEIDLPNAKVGEVVTRFPPEPSGYLHIGHAKAAILNEYFAHAYKGKLIIRFDDTNPTKERVEFQDSIIEDLALLGIKGDKITYSSDYFDKMYELAVQLIKEGKAYCDDTPQEKMREERMVGDASARRDRSVEENLKIFTEEMKNGTEEGLKNCLRAKIDYKALNKALRDPVIYRCNLSPHHRTGTQWKVYPTYDFCVPIVDSIEGVTHALRTNEYRDRNPQYEWFLKALNLRHVDIWDFGRVNFIRTLLSKRKLQWFVDKGFVGNWDDPRFPTIRGVRRRGMTVEGLRNFILSQGPSKNIINMEWSTIWAMNKKIIDPVVPRHTAVDVKRAVKVKLSNGPAEPYTEEKPKHKKNPDVGLKKVIFAKDLLIDQADAATFKEGEEVTFMDWGNVIIKKIHKEGDVVTSIDADLHLEGDFRKTEKKVTWLADTDDKVKVEINDFDHLITKDKLEENDNFEDFLTKETKFVSEVYADVNVRSLKKDEIIQFERKGFFKVDESLDQGKIIMFTIPDGKKK,0
MESKSTFSPPDLSSAFLKSLRLDLNEPVWEKSPTWCNSPVPWKPNVFHPPDSASFTINDDELESPANYRILDQIGVGGYGSVHRALNLANQRFYAIKVVVLNAKRLRKIFMEPRLHARMCHRNVAMLKGAFCTETHLNIVQTFYGGGNLRDKIKQAHSCRVDPAEAVRYITQIALGLDHIHRMGVIHRDIKESNIFLLSAGVPKIGDFGIAKEDDPLGINTGYGGTRGWMSPEMIQSTPYTYTTDIWSLGVVCYRLITGKKPFVENDGTTLSERIIVAEYPPSRFLDGAAGDLVEGFLKVDPSLRIRLSDVCEQPWIQQHVWIRSRHKRHRPALNLKSMN,0
MSRRRAYPQPQYAVQQPPAQPSYNAYGVDQATQGFQNLNLQQQPVQPQFSQQPQQLQQQPQYPVNSNAQGYPAQLASAYGYHADPYAQAQAQAQVQSPVAPQFQQNQYQAGYQASDPYGQQTQASFYGTGPSVGGMGGVGAANAFPLNQLYTTDLMTLLPPPISELSLPPPPLIIPPTSTIVPGSETANASHEYFRSTLNVIPTTSSLLKKSKLPLALVVRPYTALHDSEEQVPVTKDTIISRCRRCRSYINPFISWTENGKRWRCNFCGLQNDVPSAFDYDELSQKAANRYERVELNHSCVEFIAPKEYMARAPQPIVYTFIIDVSANAVASGLTSTVARTILESLDRIPNANKTAKIAIIGVDSNLHFFRFREGLDEAPEMLIVSDLDEPFLPSPEGLLINLDENRKAIEKLLDDFPSYFEGTANPHFALGPALRSGHNLILSIGGKLVVFSATLPSIGEGKLMARDESQSGKPKEAQTLLNVADKFYKTFAVDCNTRQVTIDLFLTGSKYQDVATLSNLPRYTAGQTHFYPSWNCSSVEDVAKLSREISEHLSMEIALEAVLRVRCSTGFRMSGFFGNFFNRSSDLCSYPSFPRDQSYVIEVAIEETITKPVVYFQAAVLHTTCFGERRVRVINLAVPTSSKLDDIYASADQLAITNYVTHRAIEKGLSSSLGDAREYLLKSVVDILNVYRKELVPGNVTGSSPLQISTNLRLLPLLLFSLTKNMGFRDERLLADLRARALNDLGSLPLNHLIKTIYPTVYALHLMDDDCGLPKTSIDIDPETGEETTITSTEIKMPEPQNASNAGWQLYGLYLIDNGIELFLWVSGGVTPALVADVFGTDNLYEVATGKVELPEFLFEESEFNYKIRQIIGKLREQKDSIVWKNLYVCIGPSEEEPLEIALARLFNAMRSWVLSNLVEDRSLHSKGYRDFLTELKTKIAQ,0
MSIVYFDVTANNEPKGRIVFKLYDDIVPKTTENFRALCTGEKGESSLGHKLHYKGSTFHRVIKNFMCQGGDFTNGDGTGGESIYGEKFEDENFQLNHDKPFLLSMANAGPGTNGSQFFITTVPTPHLNGKHVVFGEVIQGKSVVRQLERCEKGANDRPKEDWVIADCGELPKDYKPEQSTVADDGTGDIYEAVLADDDKVDVSKPETVFEAVKFLKDLGTKLLKEGRCDKAYEKYIKGTEYLADFFPDDMSEEHIQEKNSLNISLFLNASLAAAKDKKGKNAVNAAEQALHFEGITDALLAKAWYRKGQGYLLCKDEDSAKAAFETANHLVPNDAAVIKGLEEVKNLAKQRKEKQKKLMSKMFQ,0
MMEKLGFHKVSNNPGPENPVIHHNQPPPHQPKVVPFNRMMLKVDNAPGNNVALANLIALNPKDVPQASDGQHVLLDRTFVYSIQKTPDQPQGTVGLAGHVRRWCKTSLGQPVLIESFNLFEQPGDNTHYLGEVDLVIDFLSSSKARDVHLSEEKLAEVFKAKFENQILQPSQPVVMDFEGFIFIAYVHGVQVIDLAQLGSSERTMSEDLGTKGILIKSTNINFFGAENTRIKLIKKRGAKTSLANKPRANPIINPDFKLENMGIGGLDTEFQQIFRRAFASRIISPDLVENLGLRHVKGLLLYGPPGTGKTLIARQIGKMLNVKEPKIVNGPEMLLKYVGSSEENIRNLFKEAEQEYKLKGESSQLHIIIFDELDSVFKQRGSRGDGTGVGDNVVNQLLAKMDGVDQLNNILIIGMTNRLDLIDNALLRPGRFEIQIEISLPDEKGRKDILLIHTKKMKDNDLLGDDVDFDELASLTKNFTGAELEGLVNSASSFAINQYTKSENIAKVDQNIAKMKLTRNEFLLALNEVKPAFGVNEEDLNLNFPYGVIEYNRRIHSIFERLTSYIEEVKNSDSERLISVLLHGEPGVGKTAIASMIALQSEFPYIKMLSAENLVGMSEAMKIATIDNTFRDIYKSPLNVLVIDKIETLINYVPIGPRFSNEILQMLIVNLNKKPPGGRRLLIIGTTSQYSVLKHMTLAENFTKTIEVKKITEISEVKAVFDEMNFMLPGEREQVLEQLSRYGDGKLDIGIKTLIQVMNNCKYLKADVNLAVENILEAQLQ,0
MSWDDEDFDVSTKTAPVASWEEEAEDEPVMESWEVDEEEEAKKKKAAEDKKKAELKKKQEEAKAKKLNAGEKKLMEIDMVDEKTRKELLRKAELEADLNNAADLFGGLGVANDKLDELTAHPKERAAAAAAAKQKPALTKDTPLEQHPLFQPSNKQEFEKLRKTLAPILTNLAKDSLLLYSSNLAIDLIRDLVGPLSVESTRKVISTLNVSLKDKERQERQARLQKAGGTATGGAGKKKAKPLVKTNVNDSHFKKDALDDLDANYDEFGDDDFM,0
MSLTTNAKIAQFHGFLHKLSHESLTTRTKMDVNVFVPSSSNNRIPVLVYLSGLTCTPNNATEKSFFQYFAAKYGFAIVFPDTSPRGANIAGEDDSWDFGTGAGFYVDATVEPWSKNYNMFSYVHKELLETLAGAFKELDFDNVSITGHSMGGMGALAGFLKNPGKYKSVSAFSPICNPTDCQWGEKNFGNYLGSDKAQWAAYDPTHLIKNYKDENQPPILIHQGDADNFYKTQLKPENFVAAAKEAGYKGGVDLNVVNGYDHLYFFISTFVEDHAKHHAKYLGLSQ,0
MLQPIVYQLGHDPIKDHCFAPGYELLAVTKENTVELYQTKPNSPSKPTLITTLRGHDKTVTSVDISPDGTKILTCSQDRNALVWEWNNAANEFKPTLVLLRINRAATVCKWSPNGDKFAVGSADRIIAVCYYEEENDWWVSKHLKKPLKSTITSLSWHPNNVLLACGSTDGHVRVFSGYIKGVDEKPEPSVWGSKLPFQTLVGDFISETAAWVHDVTFNQDGQGDSLAFVTHDGSISVVYPAGEGQPPAAFITVKTNYLPFKSILFAGNKIVVGGHNCNLIVFEGSQNGWKEAFHVEKQRDLIHDVAPVDEDAEISSHDALNMFKQLDLKGRANKPNQKGSGKALSTINQNTIASVRWYDNGKVSTSGLDGKIVIFAI,0
MHKNLSRILTMTLSTKILPVSVSLITFEGNVPKIVDEVTKSNLDIAADEVKKPGHVVAFPTETVYGLGGSALCDESVRAIYAAKNRPADNPLIVHVSSHEQIERILLPQLHKIPAIYEKLIQKFWPGPLTILLPVEEGSPVLKLTTAGQNTVGVRMPLHPVARALIAQSDTPLAAPSANASTRPSPTIASHVYHDLNGRIPYILDGGACDVGVESTVVDGLTSPPMLLRPGGVSAEDIRKYGGGEWENLVMAKMTADKSEAVRTPGMKYRHYLPTAKVVLFSGCKDGNIAVKRWMQKLPERDPSKIALLRGALFSSAAELNLEGAIERHLGKNATEMAHNLFKMLREVDELGVLLILVEGVEETGDGLAVMNRLAKAAFEVVHATDEN,0
MPAYHSTFLNEGPAERTVGNFILLPIHTQFRGPSYPPDSEYDIIEETLDLFRANSFFRNFDIKGPADRVLIYGILFISDCLSRLNSKTNYKEAVRLLNNLALDSFALPGDVGFPLNALYLLPSSKNDADLLRAYLQQFRQELADRLLKRIYRDNTASPSKFWLAFSKRRFMNKSL,0
MKLLNKTIALEKDKSGSLSLVPQDKEDLWQLYNLIQKGDKVELLTVRNVKKTEGSKAERKHMHLSLAVESVEYEPSDEVMRIRGKTTEQNEFVPNQSYHTAEVQLNKALKLSKPEWDEISYNIVIEASSIEKKAEVGAVVLEEGVAHLCLVTDNMTVLRNKVEKSIPRKSRGDGGGSSHDKAIGKFLDTVQATLLRNFDLEKLKVIILASPGFTASALQQAIFDTAVKTDNKTILKNKSKFLVVHSSTGYLQGLEEVLKDPVVQKNLTDTKFAKEAAVFDEFQRVLNLDDGRAWYGPQEATKAVEMGAVKSLLLTDALFRSDDIAVRKHYIALSDEVKAQGGEVYIFSTLHESGEQLNQLTGAAVLLKYPLDLDEDDDEEDEEVEDS,0
MDDDEPLQLSAHALEALQLFKQEEEARRKQFEQLYQQVALESENDAILEKLPTPAASIDVFPEDWQLSQFWYTDETAAILARALLQGADEDTVVCIALAPSVFAAIGKLKPEEVPTKHVYLLEYDQRFKVLAPGRFYAYDYTTPDDVPEKLYKKCHRLLIDPPFLEEECQTKLAQAARNLLAEDDGALTKTGDKRFKLISSTGERMRELILKHYPETRMTDFHPQHKNGLSNEFSCYASFECEHWKFVQDH,0
MPSDQQLYERIRQLEEENERLKKQLRSQNDFLTPLKDDSVDPDFSLEEFRRYGRQMIVPEFGSLEAQRKLKHAKVLVVGAGGLGCPALLYLTAAGVGRIGIVDNDTVDVSNLHRQVLHTSDSVGMLKCESAKQYLSRLNPNVEIVTHSVRLDNGNIFGIFASYDYIVDCTDAPAIRYLINDAAVLTGKTVISGSGVKTDGQFTILNFQNTGPCYRCFYPQPPKPESVSTCGDAGVFGPAIGLTGISLASETLKVITGHYNTTFKPFLAMYSAYPVLVLRQFKMRGRQANCAVCGTLAIITREMIESGKVNYSEFCGSNIIHGLTANLRLEATEASQRLQVEKASLLIDVRPPEQYQITHIDGAVNIDWSLRLSKIDSIDELLPKSFDKSKDRTYVMCRYGNDSQLATKKLIEELGFNEVYDIKGGINKWSEEVDRSIPKY,0
MGRLNNAEFISKVETLLAANEGKSSVYFTQKRYTAPLEKEPIDEIKDLSSNIVDHSPAYTKNTQAYPVLIRATLGTKESKISTVVEPANLDAFWLEYAQVLKTGFVGLKKKEKKKTKKSKVTKP,0
MPAFTYEELEKEVTLDDIDFSDLEAKYQVSPDLGLDNYVIVDGTPKAPASKAPLLEKVLRKFLSKVGEIVEGEAGLYLPVEDNMTKGYVFVQYKKPESAIAAVSQFHNKPFDAKHKLLVNKFGDIEKYCNEGNVSDEFVEPEIPPMKETGYLKSWLQDEAGRDQAAMHFSDTVGVYWFNKKNDPKPVTEPRKGFTSKYAKFSPKGTYMFSIHPQGVQSWGGANFESISKFVHPQVRLVDFSPNEKYMVTLSPAPITMPVNAEEAAHFPFGPESEGHKLVIWDLVTGEVARTFALPPHLENQKDMPWPLVKWSFDDKYCCRQGPDALAVYETPSFQLLDKKLVKIDGIVDFEWAPAGVHLMGSREEAGEHVLSYWTPETTNQTARVALMQIPSRKVLRTVNLFQVSDCKMHWQEEGKFLCVKVDRHTKSKKTFFSNLEFFRTEERDIPVEKLELKDVCINFAWEPTSDRFVTISRLDDGNNNPAIPKNVISFYTVEPATKTKAAKFKVISRVENKHSNTLSWSPKGRYIVVATIAKSTGELEFYDTSFEGDNTKKATAKLLKAEKFSGMTNISWDPSGRTVAAWSSSWVHAIENGYKLYEFTGAQLRDDSIDQFKDFIWRPRPQSMLTDQDRKKVKKQLREYSAQFDELDAMEADAATREAILLRRRLLEEWKEYRKKHANKKAEDHNVEAEIVEEIKEEIIEEKEEVVE,0
MRSVLLRLDDEGSPIKNDAVHNGVFIFPSYAPPEGWTRGAPLFELVVQLNAAAPVSKKGILCTNVPKDGKTAFQRSNFQRYPLSTSFTKDTTIRVPIYSPGPYNLYIEYENEEQEKVKTPDHYFVVPPNLMVNDKYVPFNAINIQTVVSKWAGPLDNWDKLFRYINEKGYDMIHFTPLQERGLSNSPYSIRDQLRFDPNLFKDTESAILFIHRTTEKHNLLSLTDVVWNHTSDDSPWLRDHPDAGYNAETAPHLTSAIELDKALLEYSDKLADLGLPTELKSESDLKKLVDGIQDHVLGPLELWQYYVFDKKSSLKDLRKAHEIGGVSPSTIPDDTDVSDVKQLASFILKRASIHEKPILGDRFLNKLDPNKFLSYLLTLAGDDFNEIEKKASQIIDEINVSLYATFDDDIRSIKAQIADRARYLRLADNGPKLGPITKENRFTESYFTRFEGKDGKEYALANNGWIWGGNPLVDFASSESRAYIRREVIVWSDCVKLRYGKGPEDSPHVWKRMIEYTRNSAKAFSGFRLDNCHSTPLHVGEALLDAARSVNPDLYVVAELFTGSEEMDKIFVERLGINSLIREAMQAWSVEELSRLVHKHGGRPIGSLTWMPLDDFSFPCNKEPTAGKYSEGHSELEIPHVLANQAPHALFMDCTHDNQTPAQVRTVGDTLSTAALVAFCSSAIGTTFGFDETYPELLDIVNETRTYDYDFKTGIAEARRKMNDVRDSLAAESKDAASDQEMYIHHEGQYITIQRYNTVTGEGWFLIARTKFTDSPGNQILSPVILKGTNVKYEFGYTLKKVGEYSKDDKYLTSIPTKLEEVSLPPVEHNGDEAIIRVDNNFVPGSIAVFSTKIANVDASLDSYVKKGAVEASLGLDLYDLNAILYRCEPEERDASNGMEGVYNIPNYGPLVYAGLQGWVSVLKQAVWRNDLAHPLCDHLREGFWAADYIVNRLEKYSKNSKKLHKFHAWLKSRVDAIRDVPYFLRPHYFALVVGVAYEAARFRVLRQLDDHIKTATNFVQSLALTSVQMCGYMNNTSLLPDKNIPCLAAGLPHFSNDYMRCWGRDVFISYRGLLIVPGRHEDAKQHILGFAKTLKHGLIPNLLDAGRNPRYNARDAAWFFARAVEEYVTHVPHGEQILDETVSRRFPLDDTYVSWDDERAFSYETSIRDILYEILSRHAKGIKYREANAGPNLDSQMKDEGFNVEVYVDWNTGLVHGGSQWNCGTWMDKMGESEKAGNKGVPGTPRDGAAVELQGLLKSTLRFVNGLHKKGLFEHTEVEKPDGSKILLIEWESLIQENFEKCFFVPEDPAEDDHYEINPDVVNRRGIYKDLFKSGKEYEDYQLRANFPIAMCVAPELFTPKNALSAINKADEIIRGPVGMRTLDPSDWNYRPNYNNSEDSEDFATSKGRNYHQGPEWVWLFGYFIRAFLYFNHFADNGGEGSPTEELLTEVNKRISGHKKWIRESPWAGITELTNQNGALCHDSSPTQAWSTSCLLDLYYDLWNSAQYKEKT,0
MGYLGSTFFSLAVSNEPNNIKLDAVLELKTHVKKENVDLSQVQAYFEAISILMDLRDQTLQSTTFSLLCHLVKRVSIQDSKSTVLQDHGFLILPIIISRIADARASVKISARRALEAYWLTAPLKVEQALIELGMKSNSALLTNECVVWLNTVLTEVNRHFSLNPFMSTLAEILVQHEQNALLVENIKILFANYYDLKQNRLHKFELQKILEFHGVPAAIRTSIMGTNQVLKSREKLAMSHEVSGNNVLASRLEKPKNTDTATIPLESIKLGKDETTPLNSPVDDIIAGLQNYNLEKKIQPSTCQDKDALYTQLAGMIPTFEGKETESNWIKREAHITSLRSIVRGNAHIDFPDDLAHGLKDIAEGICKGLLSLRTTLSVSACQLVKETAILLKDHFDPLVDLFAPTLIKLNSATKHMTSSNAHIAMCAIMINCTYSSKLLHKIQTASSEKGSNSRSHSSIWIKIFISRSSNSGKLPHTEVIERVLGRLLSDSISTVRQNAKEAFWCLQATCPESAERLLTRLDANVVKSLERSNPAKISKLRPDIAQTKPVRSSIKDSIIAKNREFNSRRAGSRLNSRNAIQRSNEIEQKRGQYRVQSDPPSSDRRYGTALPKSLETKQFSGLTKHRSLMDLSVRPNADLPKLRPVSSTTFSTVHSANRPSTSITPNIKTDPIFQFLASSNEATISEGVNLLRYAILVEERFPEDIKFYLRKVSFTHPECLRPLLDQPDVLAKARFIMAPEDILRVCFIIFPDSEEAYRNISTSGASDLYQSVGTILSYIANFDSIVGEKLLAMQTIKFKNRILELAVQFLLHCMLIVQVDESSFPLLVKPLFDLVAIYHSLPTYNAFKTLILRLFETNKSAFQENLPNLSESSRRELENIVGINQQCGSDTMSSNSDDTNDVKNIPKGDLGHVNKLHADNSMSDSNASQHESNKADQLDNEGELKNSSAQSERDLEDVNGGNESTHDTNGARSDSSNKEFNLVKEGRRPIPSADVAERIRDPSVEANNAACYDFDANQGENALDAVEPYTLSFNQEKTPGSEIGTGECAAQVLAIKDVNEHGNISSSFDNNSPEFVAVAGNSMDESGSNIPKDKPKKLPELNSPQKEVSHGRARSVTPEIGNVDLKLIKVIHSERHAGQMNVFATNSNTPMRNEFFNKLNSDPSVELVNDFAQVKITNRLNLIQSFLDKVDPLSKISSKARPISIFEDTKASGSPQKVKDYSYTELNWFNFLVARLALDGETERFDDYNIVEFNDLCKKLQSSITGKEFVCLLRYLQNEQSMEFDLYFVQEGLYRIEDALHMHLWLNQVKDKLSGLIILKQLLINRDNVNFGKTWKTLVHLSDEENHEVDVAISETFDETLCGMFASSDMIQCIIKTITEQKTNLSDHALNFVFHSLLKLVAQKTMVLSITDELLRQLHEILKCYLTHRKVEIRKNVVQTYGKLVRAARVSELTDNNYNNRQPSTTKEACFVEELLDSMTRPQRKMVEYYSH,0
MAIVKRGGRSKAKQQEAPARAGIKKAEFDLHKKKEVGVSDLTLLSKISDESINENLHKRFMNGTIYTYIGHVLISVNPFQDLGIYTQQTLNMYKGKNRLEVPPHVYAIAESMYYNLKSYGDSQCVIISGESGAGKTEAAKQIMQYIANVSVDDQVNSATSSSGISKIKDMVLATNPLLESFGCAKTLRNNNSSRHGKYLEIFFNPQTYQPIAAHITNYLLEKQRVVQQITNERNFHIFYQFTKHCPPKYQQNYGIQGPETYIYTSAAQCTTADGIDDGHDFNETLRAMDIIGLSESEQDDIFRMLAAILWIGNISFVENEEGNAAVRDENVTNFVAYLLQVDSELLKKSIVERIIETSHGMRRGSTYHVPLNIVQAIAVRDALAKGIYNNLFEWIVERVNQSLKEPLQKFEKKSIGILDIYGFEIFEQNSFEQICINYVNEKLQQIFIQLTLKAEQEEYVQEQIKWTPIDYFNNKVVCDLIEATRPQPGLFAALNDSIKTAHADSDAADQVFAQRLSMVGASNKHFEDRRGKFIIKHYAGDVTYEVSGMTDKNKDNMLRDLLEVLSTSGNSFVQKDLFPPSLLAAVTDSKKRPDTASDKIKKSANALVDTLSQCQPSYIRTIKPNQTKRPKEYDNQQVLHQIKYLGLKENVRIRRAGFAYRTTFDKFVQRFYLLSPKTGYAGDYIWNGDDISAVKEILRSCHIPPSEYQMGTTKVFIKTPETLFALEDMRDKYWHNMAARIQRAWRRYVKRKEDAAKVIQAAWRIKKHGNKYEQLRDEGTDILAGRKQRRRMSLLGSRAFMGDYLGCNDSSGYGRFILNQAGINEFVIFSANGEILLSKFGRSSRRLPRVFILTKSNLYVISEVVIDKRLKLQKEFTIPVSGINYVGLSTFLDNWVAVSLHNATAATPDIFINLDFKTELVTHLKRLNRGISVKIGPTIEYQKKPGKYHTVKIIVDSSSGKSDTYKSGSIKVGEGLPSSSRNPKRPRLKATEVDYSKYYNRNVKSTSYSNAYHGDSLLKLAAAYAYQNSQNSQSSVQNQTPITKQHKRPPPAPPGIAQASHSQAQLNSTSQQHTKAPPARPVKKSAAPRPPAKKSIVHDTASKAEQQREVCPPPVPPTSQSHQPLLKPKYATYKVLYDYDGSVAGSVPLVKDSVVYVVSINGKWGLVKDLNETSEGWSPMDYMTEVDPPSHLFNSTSPSQVPSSQPNHEIESNLGVVQTSLPMNSKAGLGNGLADALLAKKSGDVNLAGSLADALKKRKGATGNDSEEENEDDDDW,0
MNTAHQSSITVAVRVRPFTPAEENKLILPPGKPLFIGDGALSGSLDSTSEENGRSHLIPRGIRRIVDVVDDKMLIFDPPATNPLTSMQRNAFPNSNMRARIRDYRFVFDSLFDENTLQQQIYEATTRPLLDSILDGYNGTVFAYGATGCGKTHTILGTPTDPGVIFLTMKELYERIDALADTRLFDVNISFLEIYNETIRDLLEPETPSKKLVLREDCKKRITVSNLLSRLPASVEEVMDLLVVGNQNRTLSPTEANAASLRSHAVLQINVSSRSRTASLDQEHTFATLSIIDLAGSERAAATKNRGARLNEGANINKSLLALGNCINALCDPRRKNHVPYRDLKLTRLLKFSLGGNCKTVMIVCVSPLSQHYDETLNTLKYANRAKEIKTKLIRNRQNLDRHVGSYLKMITEQKQEIEELRNRESKVMETTIAKQRSLVDSAVLEALRSIEGLRNSIAKQHQEIWRKCFLLAKRKLLLLLKEDLHILIHSLKKLQDARSGYHPFHEKSKHLLIQAEQLVHKSNEQIINLEHIYDQHSEIDHIFSKTIDFTLKKLQESEGXEDLHILIHSLKKLQDARSGYHPFHEKSKHLLIQAEQLVHKSNEQIINLEHIYDQHSEIDHIFSKTIDFTLKKLQESEGWTQQLTMMFESMIFHTKERFQKDLLVNSSVLFDYLVGELKPFNFASHGLSEMMSCFTALHNVDNMMEKVVNSMTAVTEIISAFNNSDYDMAIEKATSKFIQLKLQRDELSEELSSHKLANPPKLQHRGKDKRTSTSPLRLSPPRAHKRSFKVNSHHQADEHGEEDISMEDSFANRSAMDQDSSPPLRVTESRPVLDVLDLNNDTRVEKPASVPAFQDNGISPRAPLLNKGASTKVVKRDLTPLTNENLQREID,0
MSSSTGVPALTVKLLNPSYLASNVKVPVYALAVKPRSLTEIPNARTQETLIANDLLSILLGYEGNYVRYSEKYDSTRVQDRIRGPDYKTARHLDVSLKSITKKLATYGKWYSGLNNFVQIYDHPQLGRVNQRLCYEIRMFMKEYQRLVLDFETQFKISPIPVTEMDNIIMQRVANRMAHLYEIANTIHMKSEERTESPSFNSFLEFVRQDLAMTGSISASTDTNKFTVCKGGVVLHIVTERINAFKGDSEAFHFLTRLFDSISMEYVSLLNDWLTEGQFDDLFGEFLIKKNDLPTNIFYSDMEKYWSELYVIKLDGVPDQLLNKDIQHKILATGKYLNIIRQCSGIVSFRSLPDFARLSMQPIESLFAPDLHLKIIHRYKLANKLFLRLLLEGYQLQTLINDLHETFLLNKSFAIDKFLASAFHDLSRDKHSAPTARIQRLYNKIFLSQKPLEEDASISDIIPQCKNFSVDRNNFYELAQEIIAIESFDADEKMRDTESASDAIKRIVSRSLSRRQTSLSGSDVPKSLHEVDSVDQYTIASVNIDMDLPFPINLIIADNYIFEYQLLFKLQMILKFANMATDRTWKEINFSTVWRYRGFHPSVQNSIGKCRALNANVKGFVNAIQTYFNYSIVEENFGNLLKVLELYTHHASKEIVSDQNSSNGRNFLKSFYNGNDVFDKKISEMSNRQGATIHRQVEQRYDDVQELKDKIGMYLNNMLRDAMVTDERLLSCLHNILTVVIHINNYMSRLKKSLVLMDERQFAAFKRDMPERFVDLKVNDELIGTRAASFKQIVDAYTEAFNQAIGDLLYLLRNTDANENHQLLDFATQLEVCVSRK,0
MSVQIFGDQASEERAENARMSAFVGAIAVGDLVKTTLGPKGMDKLLQSASDPNKSLITNDGATILKLIPLDNPAAKVLVNIAKVQDDEVGDGTTSVTVLGAELLREAEQLVDKRIHPQTIIEGYRIARDTAVEALNKVAINNAGNAEKFRADLVNIAKTTLSSKILAQDKHHFAELAVDAILRLKGSTNLNNIQIIKKAGGKLADSYLDEGFILEKKFGINQPKKVTNANILVANTSMDTDKVKIFGAKFKVDSTSKLAELEKAEKQKMKSKIDKIKKFGINVFINRQLIYDYPEQLFTDSKINSIEHADFDGVERLALVTGAEVVSTFDEPDKVRLGRCELIEEILIGEDPFLKFSGCAAGEACTIVLRGATEQGLDEAERSLHDALSVLSQTTRETRTVLGGGCSEMVMSKAVDQAAANETGKKALAIEAFARALRALPTILADNAGFDSSELVTKLRSAIYNGMLTSGLDLINGTVADMREMGIVESYKLKRAVVSSSAEAAEVLLRVDNILRAKPRTADRNH,0
MTKFRGCIDIHAGQVKQIVGGSLTKDDVSPTDKAQENFVSTKPSSYYAQLYREHNVEGCHVIKLGTNPANNEAAQLALETWPNHLQVGGGITIDNADAWLNMGASHVIVTSWLFTKDTHDEWNLDMERLIKISNKIGKENLVVDLSCRRVIGDDDEISWFVATNKWQTITKCKLSSELLDMLSEFCDEFLIHAADVEGLCKGIDAELVENLGEWCPRGYEGKITYAGGAKLALDLALVEQLSRGKVDLTYGSSLDVFGGDLVKLSEVLEWNERK,0
MSLEEKYDAALNLLRRLDPRHVERNLNSICALLQHDNSDEGQELAQDLLSAVDTPLKLAKCEETGKRYLCCDYNRDGDSYRSPFSNKYYPPTGDDESPFPSPVLRELEIKANESFDIYRDLYYENGGYSSVYLWDTAEDEAADSLKEGFAGVVLFKKETEDKLAKWDSIHVFEIIPETSTLATYKITSSVILDLLSQKSSEKDLSLAGTMTRQLESTQTLSTEGGSLEWAHLVNLGQQVEKSEYNIRNLLQEVYFDKLKNVLLKDLRSLGDVSEKQLENAKHSEIVKGLEGR,0
MSVLEAFNNLNVASARDISDHEAIFEISYKYLSQAMEFNHPLSFKNCIVALIKMDKYYKAVDLINKTNSGVVKQYPLEVAYVYYKVGDLDNVKSVYETASVGGADDTLSRALKHVLAQALYQKGAVAESLKIYHELISAQTIDSELDLACNERAIIFQLSLNENTTVKPQANIPASKQSYDYLFNDGLIALANGNIVESLQLLEQALDLCNKQNNDWPEEDLVLEAAPIKLSIAYIYQTTGREEEALELLNSFDAVAVSDLLVKAVLKTNYYSTLPANENLNLTQRSLNYKYLLHNLRLKLTRSQWRVMLKNHLLLSYQTESLSRSSHYISKSFAKDFGNEFEGDFSPVAYNVLVRLHISFEEFTNEETNKSVSKKLNRFVTEELGKNSVTESVVAGALLLAHLNSKFGNFDQSLEILERIVELELASANSQTLHAGVFGILILLYEVRKPGKLGALYDSLIAKLESIHKSQLKENDILYDFFKAVGFKLLNVSRQDLASKVFDFLASVKPDDAVISSVLLGRTDKLRPKSELASNTDVSELLDLNVEAIIPKHEVRARKTKTSKKSTHRVSKKSRKPKLPTARSIKPAEEFDPENDLDKERWLPMKLRSYYKPSKKDRKKAGGHQGALEPSPAPQSESKKPKKKKRGRK,0
MVSVFPLAFPYVTYQPSIATLSQLSITNANDTERYQAQISDSRCTIITKMNSQTREPVPGPLKYTSNNQEDYPLLLLVPDEFHKCKLHLRFRKRTADSQNSLLILKTLGDDASHDNLKRFLKSEDLESKYREVSKIAFSKFLPENGYSDNYEIIVNDTYESTKFADGKVNFFVWEYDVASKEHILLLSFSFWVEESRTTAPHVQSPTQPLREKALPNTPKDLSAFTVSDFKHAFTFSTEDGPEFRGILAQYEKSLPKLKKAIHALHEDASYMEMTFRKLNNFKRGVIDTLDILVDSQFNPLLGRLDLPKSFQKNFLTFFESIEKRMTFILKEVLNSALLSKMSTYLTEVTPHDGSESSHAKKTFEKNSKEYYDWLNKYLSNEKDRPELKLLVKRKNFELSKFDYLNALNLASNNQYFNQFLENLLKFSSAEFRSQRFDIKEFKTNQSLLSNDASVYLNTMSRFNSEKLQYRQMIEACANNEELSEVVKLNPLNPSKDATSSDTSTNGVMSSSKLDLVFSLVAGQKSIPTFGFQGSQLLTADDQNAEISGILYALGGKGKPGWHKEWVVLRDGQLKEYSDWRKGKSLINKPIDIALASVKPITYDKRQFCFEIMTSKGQKHVFQAINDDDRDKWTRALYNAGQITQRLLANEKKKKSNRPNLHLEKPTFKSDDGDDERHGSPVSIFSNSIGPPDTSEVDFLKAVHSIPNSKNNLCADCGSSKSVEWISLTFLVTLCVKCSSCHRSLGSHVSKVRSLKLDNFENENQVLLNYINNEEVNRYLDDPSKKIHPDSDNDDRLTYIKQKYLQRTFVNVSLNVDELLVSAVRRINIPEVIKALNCGANANLSLQMGSQSSGVEPITIQIFEYSLRKLVEVDENGTVREYFVISELLIHHGCNIDKIRELNPALNHTDEAIGYWNEKKLRLK,0
MSSSIQLLNPKAELLRRQQALQVNIAAAQGLQQVLASNLGPKGTLKLLVDGSGNLKLTKDGKVLLTEMQIQHPTAVMIARAASAQDEITGDGTSTVVLLVGELLKQAERFISEGVHPRVIVDGFDVAREATLQYLDAFKTQPEQFDREFLLQVARSCVGTKLTADLTDVVAPIVTDAVLAVSGDDKEDTVSKKNLDLHMIEIMTMQHGHTKDTTFVKGLVLDHGARHPDMPRVVNNAFVLILNVSLEYEKTEVNSGFFYSSAEQREKLVASERKFVDAKLKKIVDLKNEVCGLDGDRGFVIINQKGIDPMSLDVLAKNGILALRRAKRRNMERLQLIVGGEAQNSVDDLLPEILGQAGKVYEESIGEDKFTYITECPELKSATILIKGLAAHELQQTKDAVRDGLRAVANVIKDEAIVPGGGAFFMSSNQHLLSSQTGILKGRNKPGIQAFAEALLVVPKTLSANAGLDSLEAISACQDEIGENRQVGVDLASGEPMDPALEGVWDSYRVLRNAVSSATGIASNLLLCDELLKAGKSSLKGQGGGNGMPQGMPQGMPQGMPQGMPQGMPGMM,0
MTDLAQDMNKLSVNGDARNGASATQNGAPANGGANGSADQPQKRQYVPPHLRNRPQGQARSDFGGSGSNGRGSSSGRGFAFGGSGSYGGGRRGGGYGSASRAPNPRSGQGRWVDGKHEPLPRNERIELELFGSAEESGSLTSGINFDNYDDIPVEASGDDVPDAITSFTAPPLDELMVENITLSRFTKPTPVQKYSVPIVAKGRDLMACAQTGSGKTGGFLFPVLSECFKNGPLPVPDTAGPFSYNKVYPTVLIMAPTRELVSQIFEEAKKFCYRSWVRPAVAYGGVDIGQQMRTLQRGCDLLVAAPGRLTDMLERNRVSLANVKYLILDEADRMLDMGFEPQIRHIVQECDMPDVQDRQTLMFSATFPRNIQMLARDFLKEYIFLSVGRVGSTSANITQKVLLVEDDEKRSVILDLLSAADLGLTIVFTETKRMADYLADFLYDQGFPATAIHGNRTQYEREKALAAFKNGTAPILVATAVAARGLDIPNVQHVINYDLPTDIDDYVHRIGRTGRAGNVGIATSFFNRNNKIIVKDMISLLTEASQEVPDFLIKISRESSYGGRGGGRGGRSGGFGGRSGATRDFRRGGGGFGGSSGFGGGFGGGSSYGGSNDFGSARSSGYSSNYGNQNQSTSWW,0
MAAVQSKNPSNATFKDKEKPQEVRKSNILAARAVSDAIRTSLGPKGMDKMIKTKDGKIIISNDGATILKHMAILHPAARMLVDLSAAQDVEAGDGTTSVAILAGSLLGAAEKLLNKGIHPTIVGESFQRAAARVCEVYLEMAHKISLKDREILIKAASTSLSSKIVSQHSALLSPLSVDSVLKVMNEYHDNVDLNDIRLIKKVGGTIDDTELVDGVVLTQNVLKSAGGPSRMEKARIGLIQFQLSPPKPDMENNVVVNDYRQMDKILKEERAYLLNICKKIKKAKCNVLLIQKSILRDAVNDLALHFLAKLNIMVIKDIERDEVEFLTKATGCKPIADVDNFTEDRLGAAELVDEIESSGSKIVKITGVNPKNTRPTVSVVIRGANQLVLDEAERSIHDALCVVRCLVKEKALIAGGGAPEIEASRVLFKEANQLSGVEHFVYQVFAQALEVIPTTLAENAGLNPINVVTDLRNRHEKGEKNAGISVRRHGASNTFTENVLQPVLVSTSAITLAAETVKSILRIDDITFSR,0
MGNSPSKSKNGLALSRSDTGMSQRSNRSIRSRLSGSKEDLPRLSSRKGSATSLPRPDSVPNDDGGAQESAIADDTDTDNDAYLHPSMQTPEPKLPILIRRNTNDTEFSGNLSLPPTNEDGGQLSKTPTNSNFQTPSGSLTPQATGGTNSNNTDTATGDKSDTVSVSSKRSGRSLISARTAPSRRGSSRTLEPVQQEGSNLCLNPLEIEDFIQRLLDAGYSGKRTKNVCLKNNEIQLICSKAREIFLLQPSLLELSPPVKVVGDVHGQYLDLIRVFTKCGFPPLTNYLFLGDYVDRGKQSLETILLLLCYKIKYPENFFLLRGNHECANVTRVYGFYDECKRRCNIKTWKLFIDTFNTLPIAAIVAGKIFCVHGGLSPVLNSMEEIRNIARPTDVPDFGLLNDLLWSDPADTMNEWEDNERGVSYVFSKTAINKFLQKFGFDLVCRAHMVVEDGYEFFNDRTLVTVFSAPNYCGEFDNWGAVMSVSDELLCSFELLDPLDSVALKQTMKKGKQERKQAQLVRQQSR,0
MTVATSTVVGALACQRNSFLKSLEARVVSCKPYEPIMSAKDKQNKNKKKEVPKKEEQELYAVELEDTALFPEGGGQPYDTGRLVLPDRNVEVVKVLRQGLTAVHVTKDKVEPGTLVKLDVDWDRRFDIMQQHTGQHLVSAVFDTFNLETLSWSMGDTINYIELPQRVDEAKLAEASKIINEKIVENIPITVATPDDHGGEIDVSHIPDDYDMSKGVVRIVSIGKMDTNPCCGTHLQSTGQIQAVALLHQTNIRGGNSRLHFACGSRVARLLEKNYLMLKDVCGSQLSCQVEEVGTKVAELNMNYRKVQSRENALLKELASNKASAFFDTLKSKGVAYIYRADNSPEYLTACQKELLTLINGNTESGVNLTDNNTVVFLNGDYKSGTGGMIKIMGPKAEELLKEITKLVKNMKGGGKGPSFQGKVVKYEKGEIERVLDFLEQIEK,0
MAVGKNKRLSKGKKGMKKKAVDPFAKKEWFDIKAPSTFERRDVGKTLINKSTGLKNAADGLKGRVFEVCLADLQGSEDHAYRKIKLRVDEVQGKNLLTNFHGMDFTSDKLRSLVRKWQSLVEANVTVKTADDHVLRVFAIAFTKRQPNQVRKTTYAQSSKLREVRKKMIEIMQREVANVTLAQLTAKLIPEVIGREIEKSTQSILPLQNIHIRKVKLLKQPKFDLGSLLALHGEGSTDDKGKKVSSGFKDVVLESV,0
MPEKVETHEFTAEISQLMSLIINTVYSNKEIFLRELISNASDALDKIRYQALSDPSQLETEPELFIRLTPKPEGKVLEIRDSGIGMTKTDLINNLGTIAKSGTKAFMEALSAGADVSMIGQFGVGFYSLFLVADHVQVISKHNDDEQYVWESNAGGKFTITLDETNERIKRGTIIRLFLKEDQLEYLEEKRIKEVVKRHSEFVSYPIQLVVKKEVEKEVPVEEDEKKEDEEKKEDEDDKKPKLEEVEDEDEKKEKTKKVKEEVTETEELNKTKPLWTRNPNDVSKEEYNAFYKSISNDWEDPLAVKHFSVEGQLEFKAILFVPKRAPFDAFESKKKKNNIKLYVRRVFITDDAEELIPEWLSFVKGVVDSEDLPLNLSREMLQQNKIMKVIRKNIVKKLIETFNEIAEDSEQFEKFYSAFSKNIKLGIHEDQQNRPALAKLLRFYSTKSTEEYTSLSDYVTRMPEHQKNIYYITGESIKAVEKSPFLDALKAKNFEVLFLVDPIDEYAMTQLKEFEDKKLVDITKDFELEETEEEKKQREKEIEEFEPLTKSLKEILGDQVEKVVVSHKLVDAPAAIRTGQFGWSANMERIMKAQALRDTTMSSYMSSKKTFEISPKSPIIKELKKKVDADGAEDKTVKDLTTLLYETALLTSGFSLEEPSSFAHRINRLISLGLNIEDDEPETAEVGTTATASTEEPAAESAMEEVD,0
MSDTEIDAGLFEEPEGFRPPPPESHFVEYERVSGKTDPTTIKLKLVGKSPLWGHLLWNAGKFTANYLDAHAEELVRGKKVLELGAAAALPSLVCAVNGASKVISSDYPDPELIDHIQYNIDHCEGIPKDTIVKAKGYIWGNDVRALCYDDIEDESALPKEIKEEDKFDLVILSDLVFNHREHLKLLSACRKALKASGTGLVVFSPHRPHLLDEDLKFFETSEQFDFKAEQIACENWTPMFEEDEATAEIRSRVYCFKIHPQW,0
MAPKKKGPVEKPILLGRPGNNLKSGIVGLANVGKSTFFQAITRCPLGNPANYPFATIEPEEARVIVPSPRFDKLCELYKPKSEVPAFMTIYDIAGLTKGASAGEGLGNNFLANIRAVDAIYQVVRCFEDSEIIHINDEVNPVADLEIIKDELRLKDIEFATKHLEGIEKITKRGGQSLEVKQKKEEAELVKRIIQLLEDGGRVANQKWTQKEVEVINSMFLLTAKPCIYLLNLSERDYVRKKNKWLLKIKEWVDANSPGDVIIPISVSLESHLSQLETDEERDAYCKEIGAQSILPKVITTMRQKLDLISFFTCGQDEVREWTIRRYYTAPQAAGVIHTDLERTFILANVMKYDDLIELGDEATVKANGKLMQKGKDYFVEDGDILHIKAAEGKAR,0
MGIPKFFRFISERWPLISQLVEGDHVPEFDNLYLDMNSILHTCTHSNVPSLSRMSDDQIYAAIFNYIDHLFDIIKPKEVFYMAIDGVAPRAKMNQQRARRFRTAFEAEENLKKAIESGAEIPKEDPFDSNAITPGTEFMANLTDNLKYFIHKKMTEDTRWSSIKVVLSGHEVPGEGEHKIMQFIRTMKSQPSYNPNLRHCIYGLDADLIMLGMVTHDSHFSLLREEVTFGPGSQNKSNDVHDQKFFLLHLSLLREYLALEFKDLENNISFEYDFERVLDDFILIMYVIGNDFLPNLPDLHINKGAFPLLLGTFKQAMLHSDGYLNEGGKINFKRFGTWLEYLSEFELENFERQDVDVDWFNKRLEEISITGERKRERSGKLLVLKDQKKLVYLLKPYLLEVGQRPIKELLELANNEELPTLPLPKDEVENHIEFLKQFALEAGFLIVHSKSKDTYEAIIDVDGISPYESLEDYEERIADLKKVIRKYQSANMFATEELMKETKDLYDEKFMEWKDKYYRNKLKFSIHDKEKMVDLTRHYLEGLQWVLYYYYKGCRSWSWYFRFHYAPRISDISIGIKDMLEKNETEIQFEQSTPFKPFEQLMAVLPARSRKLMPDVYRPLMTDEHSPIKDFYPHEVDIDLNGKTASWEAVVLLDFVDEKRLLEALKPIEAKLSPEEARRNGHGKDIIFIFNPQNDSVYPTPLPGFFHDIEHDRCYEEQFELPDLDPDFKFTLPEGAKLGKELLAGFPTLYTLPFTSELYLSEVKIFNYPSRSESMNLTIDNIWNDISTEQFSQRFLGKIVYSNWPFLTESRITEVWDGEYKYEKIKSGQTRKFVSNQLTPDEQREFKQMSSSLRGEYAKTKAVHLEAIEAIVFVQRIKGMVRAQSGAYVKAFSNESEPYPIQMIVESVVNEDERFAVKPPMPIDEEFPVGLPVVFLGAFAYGAPATVAGYSGNDKINIRVEKIQSQLEPTIGKKRVEMEAQEIRYLTSYDAAKVLKINGLFLSKITGAYMLKDKKGGRTNVGLEIKFDARRLKVLGYTKKNGRFWEYSPLAIELIKEYRSKFPKLFNNLLSLKDRRDMPLIDEVSNEEEVKEVRKWLKSVKADMIQVSLESESLTKFSIAAIEEYMEDYISKPLPLSNKDIKGVPKEAIINPSASYQLLGNQRYDLGDRVIYVQDSGKVPKLTKGTVVSITAVGTKTSLGVVFDKPLVNGNNMNGKLKTNRGMIIDSSLVLNITNRQLVFHSKASKTKKPLTDQEKAARAKQAEAARLKKLAEEEKARKEQSSKTTNEILSILRKNKEVDANNSEKTEEKAEKGIELNEAPSQDPSRARQIYGQIYQKIMSEGGSVNGNVAVPPTFSQRPIIAGGAVPIVPGVPLPPQYFQQLPPPQQPMPAHLTRNEPSGSSNQHRQNGPSSSQRGGRGGRGGRGGRGGARGGRGRGRGGRGESSAQQSS,0
MGKEKQHVNLVVIGHVDSGKSTTTGHLIYKCGGIDKRTIEKFEKEAAELGKGSFKYAWVLDKLKAERERGITIDIALWKFETPKYHVTVIDAPGHRDFIKNMITGTSQADCAILIIAGGVGEFEAGISKDGQTREHALLAYTLGVKQLIVAINKMDSVKWDKNRFEEIVKETSNFVKKVGYNPKTVPFVPISGWNGDNMIEASTNCDWYKGWEKETKAGKSTGKTLLEAIDAIEPPTRPTDKPLRLPLQDVYKIGGIGTVPVGRVETGVIKAGMVVTFAPAGVTTEVKSVEMHHEQLAEGVPGDNVGFNVKNVSVKEIRRGNVCGDSKNDPPKGSESFTAQVIVLNHPGQISSGYSPVLDCHTAHIACKFDTLIEKIDRRTGKKLEDEPKFIKSGDAAIVKMVPTKPMCVEAFTDYPPLGRFAVRDMRQTVAVGVIKSVEKSDKAGKVTKAAQKAAKK,0
MPSADPPSQVPPSQAKSSIEVNTEASATVKEAQQAEAEEELHLPVDLHQIKLISVALKEAALDSPSFRASVAHLHNQLMTTEKWILALRSSLTKIPKQVKELQSYVDSFLEYMTPQSLSDGLVDQEYTQTAMNAIFDGLRMIWDISLGLLNFSIPRLETTKDHIIERIALYQTYKMRYDVAQANYDKFLQIHMATSKSKDPALIMEDSLQLFNVRKEYLNASLDLILELNQVIDQVNNRLVRFIYLMWHQKMERFGSHPIVTQLLGDVWNHLKKISSWCDHHRSSVGKLHKDMEAARKQIQESTIATFFPSGDINDYRSSLISGAVLSLYPESAVEKHGYLFMKTYVEKSTKPVWVPRWAFLQGGVFGLLELSPSGTAVQETDKIGVLICNTKYTPNEERRFCFELKTIDTTLVFQAETVQELSSWLKVFENVKMRITDSTDPMSSLLGIASNRYPPLMNEFASTVNTSTDKQLTNSKIINKEGQIITSSKLSTHLIKNQKLFQTFIYSQVTKIRLPFFTEYSRSALIAYSFAGSTVVPTALSANIWGSLNWGVYYLHDDTIDRGAKEPEFSPEDIFTKQIGQGIMVPSNYPDTLLASEIQLRALFEAEVDGDECCLLSFHCLWSPNSNQELRSTAFITHKHFYFYLHSSGFVSLCKIPIDQIVEASCVLKKTYDYVKVFRVNGSMKLKIFLDEGILIAQKINGIVENCTSNNPLDVCGLINKLKDIERDYESKKEELMHMAQNKASTNEASSFQIDRNPHDPTPRFRVDFSDDMYHLCQYTIKLPPKAVFHILFGAKSHVLDASYPVVSVKYITKGSWMKVPGNDRGLYRDFLSALVYHNGKTDTVTVRQEIEDMSDNEYYCCKASRSMFKFGMVTFEIKSRIVIIATEGGNSRILYYASIDFDRKNIINPILKNLFKTFQLSFANGIYRRLEKTSSVIGSHGQIAKAIYLYGKIPVAETPYVVPKPNPTKLNIDTLFRLMARGTAGSIWRKAKEFVYFVIRTTQAFFSSLSMHMFLVSVIFVLGLMNVFFMGRSTVTYWQAKNAKGLMLDVIHNEPMVMERAIYLKEVQELIKKQHVTGDNSTCFQIFQNQSFVANYDQASAWKLRYEDDIARTVATNLRKTLREIGIRRNELIVSLQMLNQLEEEVAKGEWHNWLSDELEKCSYLTNPPNDEQEVSKEIKSMYADGVDQLLAFCDCCSQEMAQIKQEE,0
MSAASESKYSTEVLSELLSKLQVADNKDEAAANVSSFLNGSIIEHDVPEEFFKDLKAQINNKKDLGVVNAALKAFEHIASPNGMNPSVEPYVVSLASDVAVRTGDKSKEVANNASSALLTLAKAITPTAIKALLPALLDNLSNTNKWTEKVAILAAISQLVDTAKAQIALRMPELIPVLSEAMWDTKKEVKEAATATMTKSTETIDNKDIEKFIPKLIECIAKPTEVPETVHLLGATTFVSEVTMATLSIMTPLLSRGLAERDTAIKRKAAVIVDNMCKLVDDPQVVAPFMSKLLPSLKANYSTMADPEARGVTQRALNTLRRVGNVGADDVIPEVSTAGDIPVTLDVFKNLIKDQKLSSRFDIALNYIAAIAGDLIDERDIQPDSWLHNLLPFATIFMHEKEAKEAIEEFRKRAIDNIPAPPSFEDEEDEGEDLCNCEFSLAYGAKILLNKTQFRLKRNRRYGLCGPNGAGKSTLMRAIANGQVEGFPSQEECRTVYVEHDIDGTHAETSVVDFVIADGMVGLTKDAVEAKLTEFGFSDEMIKMPISSLSGGWKMKLALARAVLKNADILLLDEPTNHLDTVNVAWLVNYLKTCGITSIIVSHDSGFLDNVVEYIIHYEGFKLRKYKGNLSEFVKKCPSAQSYYELGASDIEFKFPEPGFLEGVKTKQKAIVKVSNMSFQYPGTSKPQIQDINFQCSLSSRIAVIGPNGAGKSTLINVLTGELLPTTGEVYVHENCRIAYIKQHAFAHIDNHLDKTPSEYIQWRFQTGEDRETMDRANRQINEEDENAMNKIFKIEGTPRRVAGVHSRRKFKNTYEYEVSWLLGENVGMKNERWVPMMSVDNTWLPRGELIETHSKLVAEVDMKEALASGQFRPLTRKEIEEHCTMLGLDAELVSHSRIRGLSGGQKVKLVLAACTWQRPHLIVLDEPTNYLDRDSLGALSKALKAFEGGVVIITHSAEFTKDLTEEVWAVLDGRMTPSGHNWVQGQGSGPRLEKKDDDEEEKFDAMGNKISGGKKKKKLSSAELRKKKKERMKKKKELGDAYVSSDEEF,0
MTPKEEPSPILSKRSILGDSWVPIYEVPVDFEAPHFDTAMSNLIREPNINSTVIMRADILEQSNYDDRGKLLCTKTFHLKLPTLPADENGSQELLARDLNDVKLRSVPFDGSKVELHNHYNVIRRMIPRNPYKDHIINQTCLVLRGKQSQTVLVVYIPHIESIEEVPFYLPPVVAVGILYHEGSLSIHYVPFKSMRLRDMDPTERPFRIALRLLQTSAKHSLGAKLGYEKRVKHDLVVPRVAFQNRYIALKKKYSSELVANWCESTDPKKHVFEDLAVAAFLIELWNERYPDGDFEFRDLGCGNGLLVHILISEGYKGEGIDARARKSWKTYPQNVQKCLSEKIIIPSVLLKPHPAVAKMAPHITNNGRLFQVPEADSAHPKSIPLIKYYSSANLLESSKVCTMEEFPPNTFLIGNHSDELTCWMPLFNLPFVVIPCCSHALSGAKIRYNPRVQYDPVTKAKLAPQNVSTYGALVDHVEDLALRMGWNVEKEILRIPSTRNAAIICINKRKSFEDEPSDITDMRVIDILATEGGAEGWVENSMALMKKSPKNH,0
MSQSLKPYLTAVRTSLTAAICLEDFSSQLVERHNRPEIEVDNSHNPELILNPVTICRNENERILIEPSINSVRVSIKIKQADEIEQILVHQFTRFLTQRAENFFILRRVPIKGYDISFLITNFHTEQMLKDKLVDFIIEFMEEVDKEISEMKLFLNARARVIAESYLTPFD,0
MYKLRSTLPGHESDVRGITAVSNEKIVSGSRDGTARAWDLSLTLDTNPNNEICFSSPTGAFVNAVKFIRSNIVGDMVAVGGKDAIIYLAEPHASFVKPGDDFGKYQLIGHQGNVCALHYSDNVLISSSWDCTAKVWDLSSCSVKYDLVGHSASVWDAKIVDAASDTFLTCSADRTIRKWKGSKEVARFTGHNDVVRKLLVLPSGKEFVSASNDCTLKIWDIETGNVLQTLHGHDSFIYDIAILSNGDLVSTAEDRTVRIWREGKTIQAITLPCISVWCVDVLPNDDIAVGGSDKMVYVFTASADRQATADGIKQFTSHVQNSTISEQSIDNLKKTDIPGYDALERPGKEEGATIMVKSPAGVIEAHQWSGGQWTKIGDVVGSAGGSSSKKSFDGKEWDYVFDVDVEDGKPPLKLPYNANENPYTAAERFLADHDLPASYKGEVVRFIEQNTAGISLDQTTGTPGDSSNLAPSAAPATSQKRYGVLPEKTPILFKEFNPESLIKGFNKFNGEQEDSTAFASSIVRNVEDSLRDLNSKNAIFLITKIIPKILSSWKPTQKLIGFDLLRASIPRVTTVDLIQSTEAAEEVLKLLLSSLDEVTEEDLTLIMMIARVLCNLTTSTLFVQLFFDVDNNNQVSLNEFYEDFTNKLNVVVKIVTSSDVASSHKFFKNAVTSIASFLYDLTALAHNNSSLSKNPTAAVAFYAILDEIAEDLIHADEEAAYRVCVALGNLLVLKVTSNKPSWYGACKKLYNGARFKDVYSDIDTA,0
MSEEIRLNDSKLGTKEYWDEFYKKEIENFNENDEDTGENWFDDSDAERRVIKFFIDLIEADHFGDAKELSILDLGTGNGHFLFELNQEVCDQDVAVSLLNTGIDYSPQSINFAKTIAEKKYSDKSYNFEEVNFISRDCKYLEENAGKFDVIFDKGTLDAIALNNDPVKGFNGKIGVEVYPLQVIKLMKPGSLLIITSCNFTEDELTRVITSSQDRLSVQQKVEYPSFQFGGHKGSAICTIAFVKK,0
MSSQDEIRAKRLARLAALQSSQSSSSPEPPKDKDQKTEAKITKPEKTEERATKQEKAAPAKRKTEETHPAKVAPKAPQPAQPLSSSPAENIDKWLREEIPRIFGVGWSGVNRLTDVGSSGLLSAESIEDVFVEILTDKGTPNSTLPITYLYEVYKKAFQLKRILPKKDPVYEQKLAIVSSIVSFCASYGLICFQIPEMVHNNNIEKSIDAFIDRNEMSAFLVDIVNKAIESDFLLDLLNMILPSISAKLHGLNLHRSEYNKYLTIWENLVAMKPVAAIFSKVDGFAPPDASKGLDFEHKTLMGSFLRLSPLAGEVATFYFAGGPKSDSQLELTPSQLAPLFSSAQNEMKVVFDRIWFITDKLIRGSPQTRQDMMKWFADLVNVSHLRTGSHAKASKLPSDGFMFNISYLLVRLSMPFLDYPVFSKLDKIDPDYFGPKNKLLNVKEDARMYSSSSEADEYYGNAMEEDTNFISDCFYLCLTYMEYGIGGMITQHGRLKNELKRSTEMVSRMQNDPAARAMLPRITEFVNTSRCRLYAIDAVSVDNNVNSEIFDFVIGASQFMVRTIDPSHKHPHPKLNIPIFQIEKVSQLDDHDFLKTKTPVPWKYFPEYMLSGLINYCKFISRYGVNALMNNEEKLSLFVEFSTILLRCPELIGNPHMKGSIVEIFFGGSIPLRNGSPGYMMNIFNTNKLVLNNLLYSLLDIYVMIEKTGASSQFYDKFNSRFYISMIIEELWHNDHYRKQLTDYSRHNVDFFIRFIARMLNDTTFLIDEAFNSLNAIHNMQVELRSREAGSEGNTDEFGSTEELQSNLSTEESKAKSYMGLANQTMKLFKLFTKQVPEGFTIGELVDRLAGMMDYNLALLVGPKCSTLKVKEPEKYDFDPKKTLADICEVYANLSGESKFKQAVARDGRSFDVKYFEKAKKILTTKTTVDDALINTFYSFGLAADQERVALEQEEMELGEVPDELLDPLMFTLMEDPVILPSSRVTIDRSTVKAHLLSDPTDPFNRMPLKLEDVIDDVEMQEKVRQFKAGKRKA,0
MDGAEKNIEIWKIKKLIKSLEMARGNGTSMISLIIPPGSQISLTQKKLTEEYGTASNIKSRVNRLSVLSAITSTQQKLKLYTHCPKNGLVIYCGDVITDEGKEKKLNIDFEPFKPINTSLYLCDNKFHVEALSELLQDDDRFGFIVMDGNGALFGAVSGNNREVLHKFTVDLPKKHGRGGQSAVRFSRLREEKRHNYVRKVAEVAVQNFIENDKVNCKGLILAGSADFKNELSKSDLFDSRLQARVLKIVDVSYGGENGFNQAIELSAETLANVKFVQEKKLLNTYFEEISLDSGKFCYGIDDTLKALDAGACETVIVYENLNIVRYTLKDSEDREVIVNVNPDLPDKSYMIDKATGTEMEVVKEEMFLEWLAENYKSFGATLEFVTDRSSEGAQFVQGFGGVGALLRYKLNFEQLADESDEDEYYDSDEDFI,0
MLQIDKSNLLIKKTLNERVFANPEAQLKSLDRIISDFDFTNYHVSTLDDRQLVLVSVYLQCWNDLKTYGVEAYLKSKYEKFSEVLSPVDDVEPGYNFSLVLDTSSLNSKQNEFKDELIEELSLLKRHAIASAFEKAFSRYDQLAQQFEGQDTYAEEIRAELKNEEVLVIKYRGEDECIYVKPSFDRVTVVFSTVFKDETDKIFGKVFLQEFVDARKRSVQTAPQVMFTQRDPPLDIKNAVSRRNDDDNKGYVTFVLFPRHLRKGERRDNCISYIQFFRNYFHYHIKCAKAYMHTRMRHRVREFLKVLNRAKPENVDDDGKAIDNRKTASGRKLDFGKV,0
MVSKQQGKAYEAPTAHTINIEGSVVLSILRHTSENFPSLFSGSLMGFEDDEGTIDITHAYPFPYPDQYEGGSFRSKSGSKYQQEILEALKSLDEGVEFQGWFQSTVSGNFVTSSLVDAVAQQQLNNKNSFLLVHNMVSVGKGLDLKALRLSENFLTTYLDGKWKTKDLETHKLSYLNIFDETPIHVHNQHLVNLYLASSKETTLPNEFDTLNFSSNSNITTQLLENLYSQIDSFNFDQTNFNYYQRLLQKEHTKILQWKQNRKNENTERVKIGEPELDPNEWQNIFKLPTGPSRFNNTLYSRAIDELADDILKKCDQELIKSFAIERKLTSN,0
MAQQGIPDLTNAIVAQDEMGRPFIIVRDQGKKQRKHGVEATKSHILAARSVASIVKTSLGPRGLDKILVSQDGDITITNDGATILSQMDLDNEIAKLLVELAKSQDDEIGDGTTGVVVLASALLDQALELIEKGIHPIKIANGFDEACTIACQHLDKVADTINVSAEKHDSNLLKAAKTSLGSKIVSKAHDHFAQMAVEAVLSVADMERRDVDFELIKMESKVGGGIEDSTLIKGVLLDKEFSHPQMVKEVKDCKIAILTCPFEPPKPKTKHKLDISTVDEFKVLQEYEQKKFVEMIERVKESGANVVACQWGFDDEANHLLLANKLNAIRWIGGSELELLAIATNGRIVPRFEHLSAEKLGHAGTIRELEFGTTRDRMLVVEDCSNTKAVTCFIRGSNEMITAEGVRALHDSICVVRNLIRDSRVIYGGGAAELTCSIAVNEAADQQQGIDQYAFRAFSTALDQIPLTLAENSGLDPIETLSNLKSKQVLEKSSHLGVDCLGKGTNDMKELFVIDPLIGKKQQLLLATQLTRMILKINDVIISGKDEY,0
MPPKADWDKYVPNEDDDQNQENIVPLSEGDIQVLKTYGAAPYASQLKQIEKDLKDIEERIKENIGIKESDTGLSAPHLWDVMGDKQRMSQEQPLQVARCTKIIEATNPTPAVGMLANADNKSKYVINIKQIAKFVVGLGERVSPTDIEEGMRVGVDRQKYEIQLPLPPRIDPSVTMMTVEEKPDVTYGDVGGCKEQIEKLREVVELPLLSPERFVKLGIDPPKGILLYGPPGTGKTLCARAVANRTDATFIRVIGSELVQKYVGEGARMVRELFEMARTKKACIIFFDEVDAIGGARFDDGAGGDNEVQRTMLELITQLDGFDPRGNIKVMFATNRPNTLDPALLRPGRIDRKVEFSLPDLEGRANIFRIHAKTMSCDKDIRWELISRLCPNATGAELRSVCTEAGMFAIRARRKVATEKDFLKAVDKVIKGNLKFSSTSQYMQYN,0
MSATDANQITESLDNLKLDAGAAAASANTDAAAGTQTEPGDAATAEGDAVTDTSAALYVGELNPSVSEAALFELFSPLGQVASIRVCRDAVTKKSLGYAYVNFHKHEDGERALEQLNYYPIEGRPCRIMWSQRDPSLRRNGDGNIFIKNLHPDIDNKALHDTFSAFGRVLSCKVATDENGNSKGFGFVHYETAEAAEAAIENVNGMSLNDREVYVGKHVSKKDRESKFEELKANYTNVFVKNFGVDFSEDQLREMFSPYGTITSLHFEKDAEGKSKGFGFVNFESHDSAVKAVEELNDKEVNGQKIYVGRAQKKRERLEELKKQYESTRLEKLSKYQGVNLFVKNLDDSITSEQLEEEFKPFGTITSAKVMVDDAGKSKGFGFVCFSTPEEATKAITEMNQRMVAGKPLYVALAQRKEVRRSQLEQQIHARNQMRMQNAAAGGMPGQFMPPMFYGQQPGFFPGNGRGGQGPFPPNPQMMMPRGQMPPPQGQWPRAGPNGQPVPMYGMPPMYGGEFQGPNGRQQRGGFPPRGQKGGPTKARDLAAIIANAPLEQQKRILGEELYPKIVSTGKADEPEAAGKITGMMLDLDNQEILALLEDDELFSTHFEDALTAYEDYKKSSEEAGEA,0
MDLTGLLNSAYYGTDANTRNEANRQLSEFAASSYPEYMVYLAEVLVNESVKPEIRMLSALGIKNQLTAKDPRTRVQQQERWVSLGADAKQKVKESSIKTLLSDDERMVTTVSQLVSSIALYELPQNAWEDLIPTIIEHTKAENPVAVKRACLLTIGYICESADANDPAILAQSNGILIAIVQGIQGTEPSTRVRLTALNALINSLQFIKNNFAREGERNFIMQVVCEASQVDDSDLQAAAFACLTKIVAMYYRFMPVYMEKALYVLTISGMESEDQNVACMAIEFWSTVCEEEFELAYTQHDYAERGEQPPPEVQNYNFALFATKDVLPVLLKLLKKQNEDPEDDDWSVAMAAGSCLQLFATTTGMYVVNPTLQFFAENIGSTEWRDREAAIMAFGSILDGQDIEHLKEPIQQAMNPILHLLGDPTLQVKETAAWCLGKITEVALNAINQSTELPPLLEGFLHGLKDHPKVSVNCCWALMNILEQLCKDAPTQQSSSMSIYYQMFVPALVELTDKSDNEFNSRASAYEALSAFVSYSAYDTMPVIHSIASEVLSRLEATIGMQQQANTTEARAMLEELQINILSLLTSIIRRLSNEVSSAADNLMTLLLKLLGAQEPNALIEEDIFIAISAVASAVGTDFMKYMESFLPFLTKALHNVESPTCNTAVGLVADLAQSLGPGITTYLDGLMDILGRDLSNDNAKRDLKPAILSCFGDIAGVVEEGFMPYMDVVMKVCTQLANTVPEDNSFDTLDYIANLKEAVLDCYVGIVSSLNKKPELLFNYLSPIFQLLQQIAGDVELSTTESAARSAVGLLGDIAAMYPDGHLRDVYSQEWITSFIKRTRSNTGYSSSTKDAARWARDRQKRQIA,0
MENDKGQLVELYVPRKCSASNRIIKAKDHASVQINIANVDEEGRAIPGDNVTYALSGYIRARGEGDDSINRLAQQDGLLKNVWSYSR,0
MPSQEQVEEIDAIKAIYPESLKELGPSIFNITIPEHQDVVVQMSFPEKYPEEGPNILQVNTLNTRKYFDNDYIEKNIVELLQQTFRPGEVVVFELIGEINAFLEKYLEEHKSQIEELTKKAEQQQQEKNAPKQKSVQSPPAAIPNSNQPTIDVFEGWTISDPIVDRGSTFIAYAREVHSVEEAKHYLALLLTDRKIAKAAHNMNTWRIKGENGVTYQDCDDDGETAAGSRMLHLLTIMDAWNVMVVVSRWFGGTHLGPDRFKHINSATRDAIVKGGFDIKTKK,0
MSEIESIASELKQSLKQFADFPQKGILFEDFLPIFAEPALFRKLIRAFKIHIGETKVDFVVGLESRGFLFGPSLALELDAGFVPVRKPGKLPGPTFRAEFQKEYGKDAFEMQQDVLPEGAKVIVVDDILATGGSACAAGELVAKAGAEVIEYLFVMELDFLKGKENLSSPSFTLLSGQESKLQ,0
MSFQRSPSSPHQGNQQLHQPLNVPHTSSSHSGSVSRKHSIVEMLSSPPPLPADSANHSASIDEFSLSRNTSISSRASSVYQAGGNPRHDWTDVILADLAESNKLIAINRTYSVQKAFETLISHNLTSLPVSCTADSSDLSNCLSFDYSDLNTYLLLIMNKIAISDLCVDDIPDENGEANTLNTQQKHERFHQLVAKAKKGEEVPVDFIVRLHPKTPFVKLKEHESLFKAVEAFGNGVHRVAIVNSANKISGILSQRRTIRFLWENARRFPSLEFLLNSTLQDLKIGSTSPITIQGDQPLIEALQKMFDERVSSLAVIDKNKSLVGNISIVDVKNVSSTKNSHLLFKPVTNFISYNLSQKGIERGQDQFPIFHVSQQSSLGRVIAKLVATESHRLWIVESRGGHMGSVSGQPSTVEAALSNEGIQPESGRPGKLVGVVTLTDILGLFAHHKSGVKIDPQTARNHRRRSSTSTTRSSIESSHLPSGTPSTSAPVTQPYVQPNQDMFRKTYQTGQRDSAFEQ,0
MAFDKAVKTSAYSSRFQTPFRRRREGKTDYYQRKRLVAQHKAKYNSPKYRLVVRFTNKDIIAQIVSSQIVGDIVLTAAYSHELPRYGIKHGLTNWSAAYATGLLVARRALQKLGLDETYKGVEEVEGEYELTEAVEDGPRPFKVFLDIGLQRTTTGARVFGVLKGASDGGLYIPHSPNRFPGWDIESEELDAELLRKYIMGGHIAEYMEELMDDDEEKYRQVFKSYIDEEIDPEDIEEIYMNAHEKIREDPSFKPTEKKFTKEQYAAESKKYKAKKLTKEQRQAKIAEKIAAFKAAQE,0
MSTNSPKPMLTSTSRAAGLPPGLQPSRSNNQTPVNNGEASNGAPAADIDSFGLKGIASLLRMDQTEKNSFAYGQDVQLLGLDLSDNSSILKNMASPWQETSRTEVEPYFSLPESIQQSKIVPPPEPCDTKISSFADETLFYIFYTKPRDTLQEYAARELVARNWRYHRDIQVWLTKDSNVEPVLISPDVERGVYIFFDPHNWEKIRKEFVLHYSSVQA,0
MSSHFEPSKRIVTKDDLDIWEKSKTREDLLNFVVDLQNSVEGLPNDAEVHESESVQKIMASLDTVNSLIQKHPVVMEKDISRFGKGEFRDFYDDLQEQSSAMLSSLLPEESKSAIVEVARYFTDSWGNRTRIDYGSGHELNFVCFLLCLRKLDVISQDDYAAVVLRVFCKYISIMRQLQKTYWLEPAGSHGVWGLDDYHFLPFLFGASQLAKHPHMKPKSIHNKELVDAFWKQYMYFECIHFINSIKTVPGKDGSTQASLRWHSPMLDDISSAKSWAKIKEGMIKMYKAEVLGKLPIVQHFMFGHLIQCPEGIPEHRDNENNESSCGHMHNYLDTRNTWGDCCGIKIPSAIAASQMNERSAKPVPFD,0
MGAQIVVKKPLLIKLIKSKLELADALDKSRKISKKDGNALLYSTASVSELSTLLREYEKEISMTEDDSRPIETKTHLRDEVANIVGEDHNELLATVPKKWSLYSPMVLFNNGTFDTPDWANYFLKNGKTLLFDHLSDSFFKGYTHYAVNKPIIEEDVMRRPFSLVPLHGDFGPEPTTQMFESPSGLDIERAFWCTVTQNGISQEWAPRYTMFSRGNITEKKRLLDSYKNLTGENVVDLYAGIGYFALSYLANGATVYCWEINPWSIEGLLRGLKKNGCKFSLIKDGDNFDATTHSEALGSGVNAFVFHESNEHAVERLSRLDLAIAHYNLGLLPTSRQGWEVVRRLESHKSKGSQVSPALVHAHENVHKNDFNQIVKEIETFFDGRVIQLNKVKTFAPDIWHIVLDVQLRSQMLLQ,0
MATPEELASGIQNVSLDGKKKKRPQRAFFDVNQVNQVNQQAQASFAPVAPPPLQFEGHDEFATQQSQRYPAHAFQQQQQQQQQQQQQQHFDSSAQFGPNTITPAQPRTEYSNMLNANEPLHETQFDVSGSPHTPSSDSPLSLCKARHDHETEYTTLLYDQEGNCIGTKPFLSFENVVPPFAGTQYFAVDQSTATPKHMRSTFYNVPESEQLRKATRLPMAVTIRPFAQKLPSEEPISTVDMSRLGQESGVDPEDIGPPRCRRCRTYINPFMVHNIQGRFVCNICQFPNNLLPHEYVAPVDSYGQRVDRGHRPELRLGVYDLIVPDYYNVGGAEKTPEPLHHVFLVDICQHSINKQLNMLVADAIRATLFDYDEQSAGQERRPQKFAIIMFDKATHFFNLSPSLEATHIYISGDLDDPFVPFYDGLFADPEESGMVIEDALHNLESLGSGKTLHDPEPCFSVALRAAAMALDAVGGGKITAILSTLPSWGPGGSKLKSNNTVGRNPTADVEKRLYSVDNEYYKLLAKDMIAQNVGLDVFAVSQTPVDVSNIGWLASVTGGKMVKWSDFDFERDSRALTAQIVRSVESSRGYQGQLKLRCSNGLQVAQYYGFPSSEGGIIGLVNSTSDPIIPILNEDQTFTILLEYDGTLNTKYDCHLQAALLYTDPHGVRKVRVMNLVCAVSERLEDVFNFVDQDGVVAALVRDTLSFVGKESIVELRSSISSKLVDVYAQYRRMEETSHNSSRSLTNKLIFPDSLRHMPLFIMALTKSKALRDSSKSDIDERLVDVYSMLNMPLDRLVYHLYPALAELHSFTDDDCMPIEAGEKDSFIKLPEFLPLTAQSLAPSAYILCDGTAVYVRVHPETNAQLLADLFGDHIKGVNDLDLKMDSLPELPTHISEQARNLVQFFQKNIIGTSSIGHFAIQLVVDGVGGPIPQFYEALIEDSLPAKIASASTNYANFLTSLHKAVTVKVDSEKAAKKNDRHALSDTSTFTSLLHF,0
MGIADLWPVVSPACDPRVPFPIFLSKFIDDHGRPPRFAIDAYMFMFYSQLPDANPEDQVIQERVIRNFMAKLFYFVQHNVSFVVVFDGKFKPSKLRHGHIPEIPGSVNYDEILHHFHRVHSSNYSEGSSLVERLKKILQRNCMDIVQAPGEAEAECAWLQKLGVVDYVISDDSDTLVFGATKMIRLFNRVKYMNEEGKPVLSNTDYYVTPVYMDKVTEATGLDKNRMVLLAVLRGGDYSTGAEGIGITRAKEIALCGTNLLSSLPRKSTQDFGSLPDFSKMFVETFVDQEKAQALSLQNHKSLKSELDRADSLRAFNKYLDSFLREQHKDVFGRSTTMKSEVKVDDYYALLYFFPLVNRKVFKFTPFSTSFGELKAIDDDMPGLTPDDSTQTVKRYNYVCDPGDIGESIVKQGKFIFVGKGRGVTLKVNEYALPRERKFNLKSFALKLLKSSKVRSEIILARSRIVDGEHLGVLKFQRTRLHDKVYLVTKNSIHDTASPSDINGDAIGDDQDNQDPDALIQQVDNDDEDKLIEVLVAMNSIRLVAPDVVKEFERRQLIEQRRKSPSKKKYSPQKTTLDRIWPELSPTKNRPQSVKVINVDDDTVEHESPIKTKSTSSPYKKRSPRKQTLSEKYEINPNQVPVTAFFQQRKDPFVETRSLFVTDDDSGSDNDAKIEKNYMKMKNIIADGPKLAEGTAVKAPVDFPIMPPKFSAPVKCIYDASDLDNFKNSIAYERLHNIINLVVQKVKGTSLPKNVFDISLVTRSATISNSSTNDDNQFNHYNESTRTVLRILKSFNTLIDDTPPLQGPRRFGNLARRDWQEKVEACAGSHLQLITSDKGLQEELSYYLLNAFGSSVRLDYGSGHELSFVAFIGGLIEFKILDIASIEAVELLTIFAKYFDLARRLILVYSLEPAGSHGVWGLDDHFHFAYIIGAAQFNVDGTSKQYIPPVQQVLSSLTIEDFKETNFYVNAIAFIFKIKSGPFNEHSPILHDIHKTVSLWSKVLSGLLKMYEIEVLGKFPVVQHFWFGAGLYPWVDAESRKMLPVKDIQESKQEENDTLPGLINGFSGQKTTSTTISLTGAPWARQSSRTGPSPVPRRGPQPPVNRTQEPRKR,0
MKILNREEREAHASHIASEGLKGLFVGSLISLSAFGYLKLKHPVRFKQFNTSIKACILIMPTVSCCAFYADQGSVQFDKAMRSSPQNEKLLMDRYREWKKKSTGEQILTGARNNKTKVGLGAWMASVGGYYAYLKQDTRLSEVQRMAKMRTFTSISSVVLLGATTAAIYADSNFSKGGEEVVSDERFQAIVLTDSFETRFMPLTSVKPRCLLPLVSVPLIEYTLEFLARAGVNEVYLMCCAHADQIQQYIESSKWAQNSPFKITTIMSLESRSVGDAMRDLDNRGLITGDFLLVSGDVVTNIDFEKVMAFHKQRKSVDKEHILSMVLTSASPLHRTRSHVDPAVFILDKQTDRCHYYQDIPPAGGRKTSINIDPELLEDIENDFVIRNDLIDCHVDICSPHVPQIFQENFDYQTLRSDFVKGVLTSDLLKKTIYAYITEGAEYAARVESWDTYDAISQDVLARWSYPLVPDMNLIGSSYKYEFHHIYKEDKVVLAQSCRVGSSTSIGTNTSVGANTAIEKSSIGRNCEVGANVIVKNSYIWDNVVIEDNVTVENAIVAGNTVIKEGAKLRKGAVIGYNVTIGAGKVISSNVKVVDKPVKKDTGSGVFDDDDEEDQNEENFQANAIDVDIVGEDGAGVMYLSDREFDDESESESASLNNSSLIYQMSNLNVSDDSIASVTKKKMKRHGRHNSRSSRRMSATSVLSTDFEEEEEEDFNKEAVATVERAIENKHDLDTALLELNTLRMSMNVTYHEVRQATVEAIVRRIVHFITTDTLNVRDASAKIFNEWGGLFRRQIFSEEDQQDLAQIIQEACATVDHEYNEMILCIALQKLYQMDIIEEDNIYAWWNSEASVATEALKKVRGVTASFVEWLQNTEEESEEESD,0
MSLSQPPRTPTGSAFADMTPITQTSSREYDTHVEVVCRLRPFNEEEAQKYNGASPVDIIDNHSLCIHHKDASNVFTFDRVCGETTSQEQMYELVAAKTIENTFKGFNGTILAYGQTGAGKTHTMFGGSDAPGIIPRIGHDIFSRIDGASPDIEYTVEVSCMELYMEKINDLLNPSASEFAIHEDRANGVYVKGLSHAFVSSESELAYVVDLGNSHRTSMSTQMNADSSRSHVIIRIVLTQKSLGGEFTKSNLFLVDLAGSEKIDRTGATGQGLQEAKKINLSLSCLGLVINSLTEPSSTHIPYRDSKLTRILQESLGGNSRTTLIVNISPVPSSVNETISTLRFGSRAKKIKNSAHVNTEPSVEWLKARVKSLEQANKTLEEQLEAYNRSSAVSPNVSLFSPRGSTTISLASDRPGASNEELQRKNRKIESLEKQLLDMRMNQVKQQHEEDSKLFKLETALHRLNDKLSDVELINENLRKHLLISEKIIESRDHKIEKLRRLLNEQQAHVQSESIHFDSKLRKLQEKLENQKLSEGRLLDDSGPNVLEELYNSRKSADEAIHKIDTSSPKAVAGDKQDSPKSPKFGLNLRIVKPVSLRVKEGKNRIRANVKGEFGIGGRTNFVQKIHVFAILNKQYIAVARSAGLVQLYEKVSKPPGLDCSGSTTYKLVKEWKNSTTGPRDPIIGIGAFRNQYMYTCSGEGKLVIRDLINDDADDSVKSYIIDGPLSAVTIEAIPQSTHILVAAGGKGNNLKLYDFDFVTHDFASNFETIVNSVGHMTSIGLVMSVPEGRSLLRRSLPIRNSFVDVRRLVPVLDTTPSKTCAKKDSGAYWVSSTCFWKQGSDRMVFAGTQFGELYVYGIEMPYEFELLPRKVLSLSQFSINQLLVFNSGRYLFFSDSMSKAGVIDIKTLEVVNFYDYLRIGPSISSRVYTSEGTSKVSSHSNLSRFSPIYMIATTIDGAIRIYKLSDSNEKKLCFQSTNAGVIPNFDFLESDPYTRLNVLFGETFSQESNAQKPTESSSAKRRPEP,0
MSKKISFDEFLKQQQQAQQQPRGYGYKNSNNYQYSGQNFQYSGQSFQPGQYYSGYQGYQGYQGFQNQAHTGYQGYPEQSFSASQNGSEVPSGAESRITSGAATPNPDASTTSLSSLGSALNKLKLEETPISEHLTAIQKCSKISDSKKEAEAIAQKVAEQPSMTIFDTWKILDIVKNLAKARSSPIVRESALLVIQQLAFSLSNSAPKESYLVQFISVILEAFTDKDRNVVKTAKQTLDIVYGVLPVEILGSLFIDEIINYLTSSAKWNTKIAALEIMDKLIAEAPADLLEMKFITAVPALTDMATDFKPELAKHGLATLKRFVKVLDNLDLQNKYDLIVETLANPQKVPECIKNLSSVTFVAEVTEPALSLLVPILDKSLKMSSSTNDQLRQTVTVTENLTRLVNNRREIEHYIPILLPGVEKVVNNASLPEVRELGAKALRVLKEAESEQTDGKFHGRISLKDAEKFLTENLSEDVKDVPAALLKDGTETSYLATIVQVDANVNDWKRLAEYLESAIQLSDSVTEELRKKYTEEVIKNLKHLFTESASVDNDDNDGAVEIVNADFSLAYGSRMLLNKTNLRLLKGHRYGLCGRNGAGKSTLMRAISKGQLEGFPTPDQLRTCFVEHKLQGEEGDLDLVSFIASDPELANVGRDDIAKALQAVGFPEERLTQQVGSLSGGWKMKLELARAMLMKADVLLLDEPTNHLDVGNVQWLQNYLIEHTEITSLIVSHDSGFLDAVCTDIIHYENKKLAYYKGNLSEFVKVKPEGKSYYTLSDSMVKMAFPPPGILSGVKSNTRAIARMSNVTFTYPGAAKPSLNNVSCSLCLSSRVAIVGPNGAGKSTLIKLLTGELVPNEGTVEKHPNLRIGYIAQHALQHVEQHKEKTANQYLQWRYRFGDDREVLLKESRKISDEEKQIMEKLIDVGDGQGPRQIEALVGRQKLKKSFQYEIKWKYFLPKYNSWLPREFLIEQGFEKLIQKFDDHEASREGLGYRELTPKVIRKHFEDVGLDGDIADHTPMGSLSGGQLVKVVIAGAMWNNPHLLVLDEPTNYLDRDSLGGLAVAIRDWSGGVVMISHNNEFVGALCPEQWHVENGAVVQKGNAAVDASRFADGVESKDGSPAPEPVKKRADDDDSPANIKVRTRKKKMTRNEKKAQAERRRLRHIEWLSSPKGTPKPPDTDDEEEGKLVQIEYALNAVKQGVTTIGIKSASGVVLATERKSNSNLLKNDCNSKVELITPDIAMTYSGMGPDFRVLVDRARKLAHTNYKRIYNEYPPVRIMVQELAKVMQESTQSGGIRPFGVSLLVGGYDHHSGNFQLYQVDPSGSYFPWKATAIGKTAVSAKTFLEKRWNEDLELEDVIHVALLALKESVDGELVGENLDITVVSDPQDHLLGFKGTDIEGPRVKKLSAEEINDRLDAL,0
MIFLSLLLWAFTVSAQYVKITPPTKDDFYTTPENITSYENGDIIASRPAPAMIRSVYFPVNVKNAWQLKLRSEDSHGNPQAIVTTILEPYDADPKKLLSYQPAQDSSSNDCSPSYSILFNAPMNTVILQAEMLLMQSALAKGWFLNVPDYEGFQGAFTAGRQSGQATLDSIRAALQSEDISGVSPEAKVTMWGYSGGTIASGWAAALQPQYAPELKEQLLGAALGGWVTNITLTAEATDGTLFGGLIPNAVNGLLYEYPHLGDLVETQLRETKREDFLSAGKKCLATSLLEYATVKFFSGKDPWATEGWGFFDLPEIQEIIKNNTAALEEDGPIPEIPLFVFHGTEDEIVPFSGAQRGYENYCDWGIKSLEFAVSNTTGHILEVVEGSGAALVWLEKMFNGEKPVEGCKRTVRSSNILYPGADIEYRQLVATLRSSFAGGEIGETTRNITESTFLSQMMTKMFSGLINKIGPLPVKRDGSIDRSVFTGMNDVVDLWQRENTGPDIGFSAASPGHKINKQAQPNVSSINVRPSDFYNLNLPIIYLTFHLTLNPSCTVPRIKRAAQNPRISNIKQIPSFPRPDLIMRVVIQKVKRASVSVDNAVISAINRGLMLLVGISTKDTSEDVDRLVKKIANLRVFEDASGGPEGCWNGKPWSSSLAQDKQLSVLSVSQFTLYGTIKKGTKPDFHKAAKGPAAIELYNEFLSKLRKELGDDERVKDGQFGAMMDVDIVNEGPVTIIWDTNDGTI,0
MSLPESFNLTAEDAKLLLAANVHLGSKNVQSHENPDETLISPDITMLTTFLEQEDTKNPTLEIFTSFRPISSPLVLSVKSSFPLYFTAFTNQQVHNKPYVYKTRPDGVNVIDISKTWEKIVLAARIIAAIPNASDVVVCSSRTFGQRAVLKFAAHTGATPIAGRFTPGNFTNYITRSFKEPRLVIVTDPRTDAQAIKESSYVNIPVIALSDVDSPSEYVDVAIPCNNKGKHSIGLIWWLLAREVLRLRGIIPDRQQEWSVMPDLYFYRDPEEIEQNAAEEARAAAAPEEAEEAPQEPETEWNAETNVEDWADSGVTAAGEQAAASSW,0
MHTQVSTNLKVTSTLITPYCKLIQETILPILTPKSSISCLLHPPLRPTHNENRSASLFIFKLHHHPSTYTTMTEIAPKTVTYCEVCSFPPEYCEFGGQFKKCREWLSQNHKEIFEKLYSDEALANATSTLSLEKEEKIHKDLEKKQAKEEAKAERELKKKLASKVVIKRIERNRRKHVISIGGLEVFNIDMKKLSKTFAQKFATGASVVKNAEKKDEIVVQGDVSDEARAYIEKLLEEKGLDEVKVEQIDDKKKKKREEAAAAAAAAGGKN,0
MSAPINTPEQLLEAKELAYTPKPEILEAFNELVESVREHIANEKRARQTNGDTYIDERGNERSYNHLNRRRLSRSGQNKPNLRKKAAEIVDEDGWATLTKPKKSFGGEEGTDEREKFRDSLKDTAVKVKPNNKNLGSSKAVDPRETIVDKHTNTFNAFEALGDDDE,0
MSTEAVKDDQPVDPLQQKRISTAPVSRIIPPLNFCPVEKQLYRSGQPSVINQSFLQELNLKTIIWLASEEPAEEFLDYCSRQNINIEFVGMINDYNYSNINPWDSLDERTIKNALELVCNKDNYPLLVCCGMGRHRTGAVIGCLRRLQGWNLASVSEEYRRFAGARGGRILVELLIESFDVSTVELADAWRVADILLPLPCCSYSGG,0
MFHSVSTAQTSFDPPKENPNYETMPARFWSHYQRRPKSPKQLHSTGRKHLMKEYITDQLERFHLKSSRANPIYDLPLGVLPGLTSNGEGAERRLLERKPRVRNLTRPFFVRDYNLRAVTLTSLPHDVSLADIVSSVRGGQLDKVIEGDVPERFVQLHFFYRTSAEEFFRYAKCGLYSINGKRPIVKWLPFEIAMRCPVQEYVMEAVNKSRATRVIRMTASDTVHASADYSRRHVQDTASLFAKGYDVGQIRTEMSQFGKVIEIKPYITNTWTITVHFSSVSESVIAMKSLTSLSLCHLHKYKWWKLQYDKDPADVPCYMLSTTPQLIDRVLNCNYKIAFIKNMYRSGRGTPTPRSSYSDLKRPASARGYRPSSPHIPSSRPSSSMGSRPSTPTFRPEPYTGSITVSIRPNPHTSGNSQNQVWHIDYANTITNTQDNSSYTFDHVFASSMDVTNRVVYERSCAQLVHMFLNEGYNSTLFAYGMTGSGKTYSMRGEDNDPGFVRLAIDDIFNKIDSPNSGCSYSLSVTYLEIYNEKIVDLLGTGTGAFSSHNEPKIRDDPDYGIKIMGVNTPTVSSKQSLLQLIKAGDMKRKTSATDYNARSSRSHAILQLRLHTIDMASRFEHRSTLSLCDLAGSERATSCAERRKEGSYINKSLLALSTVINKLSLASNSGAMDHIPYRDSKLTRLLQPSLSGSALISILCNVHLGSNSPGLSQQYVTETTNTLRFAARAKDIVLSVNANRKQSIGDGEAHRMIEELKRVVENQKNELALLKIHSGVWQMNSQVSEDPASAQLQGELKVLQEKVEHLTRLSDLNRTEVVLLRNDALNDILGMEIDKFSSQKMMANLEEFYKRLTHENEEYKQYNASLENQLRLAHSQLAAMNSAASSKPTNPSNKHYDSLLRQQEEEIMSLKETLRDKDHIIHGLTKTSKLRRLVDSSNANGAPSISDYTKKVTGASVVGSPDKENVVSEIRQFRLSPKKPAVPRFT,0
MAHSKTAILSVYDKTGLLDLAKGLTAANVRILASGGTAKLVREAGFPVEDVSSITHAPEMLGGRVKTLHPAVHGGILARNLENDEADLAAQGIEKVDYVVCNLYPFKETVSKVAVTVDEAVEEIDIGGVTLLRAAAKNHARVTILSDPKDYPVFLEELKSGEISADTRNRLALKAFEHTADYDVAISDFFRKQYSENVSQLPLRYGANPHQKPAQAFVPQGELPFKVLSGSPGYINLLDALNSWPLVKELSASLNLPAAASFKHVSPAGAAVGLPLSDVEKKIYFVEDIENLSPLANAYARARGADRMSSFGDWIALSNIVDLPTAQIISKEVSDGVIAPGYSEEALEILRKKKGGKYCILQIDPNFTPDAIESRQVYGITLQQKRNDAIIKGSSFKEIVSSNKELTEQGTVDLTVATIALKYTQSNSVCYAKNGMVIGLGAGQQSRIHCTRLAGEKADNWWLRQHPKVLGFQWAKGVKRPDKSNAIDLYVTNQIPKSEPEKSEYESKFAEVPAPLTEEERQEWMNKLNGVALSSDAFFPFPDNVHRAARSGVKFVAAPSGSVMDKAVFSAADSYNMVYVENPIRLFHH,0
MSWGGFKKAINRAGGAVMVKDVDKTIDKDFDMEERRYKVLKTAGQNLQKASKGYLDSLRAVTASQVTIAEIVLNLYEEARQGGSVYSNVGQYYMQCVRELDEETVKQVDGPFRETILDPVTKFASYFNEIDEAIKKRSHKKTDYDQCKAKVRRLIDKPAKDAAKLPRAEKELAMAKDIYEDLNEQLKRELPQLIALRVPFYDPSFESLVKIQLRFCTEGYSRLAQLQQYLDQASRDDYANGVLDGKIDDMLLQMNSLSITSLGQK,0
MPSIIAALRLRALIKEIFGSPELLQTASRRDILAAVEDVAQTNPYYARMFMSEYIKRIEEEDAEAEEAKEEKPGEFRETRDQRDPESIEYPKDDPVQGRKLEICGVHEHKVGDEHDEHNKLEADPHIQPLKELLDSPSRLLLPSRLSLLVLLSSPVCYLSMAANTPSVEPQFSENDNGPSVDPYELLCSTLSAKPLAPSDPDRLRFLVDSSTWVTIHETPRVISGQGTTGARTWNAALLLALAVNTNPRFQNMFRDCTVLELGAGTGLVLLALAKKKNIHGFKKLLVTDGAAEVVQKLPSTFANNSADDDVEFVQFIWGEEAPRADIVMGADIVYDPSVLEILANCLNTFFANGTKLAVIARSERNPETTKMWEAICEQQFEREVVMVEDPEKLELPCWFDKGKQIVVEILRRKALLK,0
MGKHHNDLDIIKFIVDFEDGSQKEVPVASVDEVVVLIPEGTTYQMTIVFKVENRTLKNLKYKQVVKKGGIPLKNKELYIGDEYAPGEHSKQFEKDTTPSGFLYRGTFPSTSTYYAGDEELFTSPWTLEVTKKA,0
MTEFINYEVTLQFKDGGDVRGRISHVDGNLITLDNKKFPNARIKDLKVTQLPPDFNKENKKKKKAKPLEQIDDAIVSVSKSTSRSGTPRTKEPLSDWSSNVQDIKASEEFDFAANLAMFDKASVFADFQKNDKVSVQDRLVGHNKKDNVQAQKKQTPNDKFDNDEMVIPAGKQDNWNNLGSSTKRITLPLEASRANSIPSLLARELFSSKPHKFTFPDKSTVPTATPVQLLEIERIAGETFLYNQKSMIETTALNLYILVVKEILGGAVRLSNRKNHNLPPLVLLLIGNGRSSSRAFALGRHLTNHGVRVLAYVINDADLDEETRRESEVFEKFGGKCISSEFSVLLDILNNQLETPVELIVDALQGFEGHLLDMFYSEENLQTLKELSRWANEPKQRSRVLSLDVPSGIDGGSGTVADPDLVLHSRFIVSLGLPISGLLHAYNNRLIGAGHDDVSHYVVDAGIPNALYNVRANVRKFDKFWYCAELYMGIGVAEQS,0
MSVYANSQLQQSQSQLQLQKREHQRRLNELLDSIKQEFDFAYHEASNYSKVKEDYDLKCNQQTAEMQQIRQTVYELEMAHRKIKEAYEEEILRLKTELENRDRQAHLGKPNGAPTPQYPYSYQQQQHQQQPQQPPQPQQQPPPPVSHQQQQQQQQQPPLQPGSIKPPKAEAKKLPNVSRSESTVKDPSKALEFSSSLTVVDKSQYIVNPQEKNLHVKEIPPFLADLDVAKANPDFKKQTPDFYVLYNPAFKRDLDVDLVQSLDHSSVVCCVKFSKNGEFIATGCNKTTQVFDVKTGALIAKLIDDNSSNSTSVEGEGEGDKDAGANSAASNANGDLYIRSVCFSPDGKLLATGAEDKLIRIWDLSTKRIIKILRGHEQDIYSLDFFPDGDRLVSGSGDRTVRIWDLRSSTCSLTLSIEDGVTTVAVSPNGKLIAAGSLDKTVRVWDSSTGFLVERLDSGNESGNGHQDSVYSVAFSTNGNQIASGSLDRTVKLWNLEGKTEGAVSGQSIAKKSSCEVTYIGHKDFVLSVCSTPDSEYILSGSKDRGVIFWDQFSGNPLLMLQGHRNSVISVAVSFNSLGTEGVFATGSGDCKARLWRWKKQ,0
MSDQGESAPAAAQPKAAPDTEKKTLTNKELKELKKKEKAAKRAAQKEAAGISPEQQEQMAQQKMEKKKQQLATNTGIKKQLSQAVVKDQSMKIPALFSHLETREQRNASSPTVSHIVHPSILSLSLRFSNHEIVGSTARLRSMLEVFKMVIDDYKTPENTTLTRHLTGHLSHQIEYLKSSRPLSIAMGNAIRWLKQEISLISIDTPELEAKQILSARIDTFINEKLHYSDQAIVQSASQHISNGSTVLTFGHSEVLLKLFQYCATEQNKSFNLVIVDSRPLFEGKRLLTELANTTQKAETPNGEPDAELESSSIISRRSAPASPITKENIKVNYCLINLLLSTIFEDVDCVFLGAHAMLSNGYMYSRVGTAMVAMMAHKRNIPVLTCCESIKFSERVQLDSVTTNELADPEDLIKNANLKQPPQQTSLALKQFLKEVEQKEHDKKAKTGKKEKEPVKSHLMGDESLLADWKSIPSLNLLNIMYDLTPPSYINKVVTELGSLPPLSVPVILREYKSG,0
MSAEEYKAEGNKLFAAKEFDKAIEQFTKAIETSDVPNHVLYSNRSACYASLKNFTKALEDAEKCVEINPTWAKGYNRVGAAQYGIGNLEDAKKSYSKALELDSLNAMAKSGLQAVEDAENSQSPDMGLGKIFSDPNLMNKLKSNPKTAEMMNDPALVAKVLQLQQNPKAGMQTMLSDPRMMTIMGVLMGIDLDMFQGKDAPGKPEESSSASKSETAKEEPKQEFKEESLSKPSSSSESNPAPLSSESKSEATEDVEMEDSSKVEADAAKAEGNALYKQRKFDEAIAKYDHAWELYQDITYLNNRAAAEFEKGDYDAAIKTCEKAIDEGRSMRADYKIIAKSFARIGNCYLKKDDLENAAKFFDKSLTEHRTPDVLSKLRNTQKEIKVREAKSYINPEKAEEARLEGKEYFTKGDWPNAVKAYTEMVKRAPEDARGYSNRAAALAKLMSFPDAVEDCNKAIELDPTFIRAYIRKANAQLAMKEYSQVINTLNDALAKDQELNGGKNANEINQLMHRAMSQRFAAIEGETPEQTMERVSKDPEIVEILQDPVMQGILGQARDNPAALQEHMKNPEVAKKVNMLIAAGVIRTR,0
MTESDFDIKETYLKFLEDDRDMTMPIAAIESLVTMLRVKQPSTSSELIKLVQANIDTLKLSISNAISLSAGCDLFMRFVMRNTNLYSDWESCKKNLVENGELFVQRAKESREKLAEFGVPFIKDDDTILVHSFSRVVFQLLQKARSEKLLRFKVIVTEARPSEKGYHMAKLLREADIPVEVIVDSAVGYVLHKIDKVLVGAEGVAESGGIINHIGSYQIGCLAKANNKPFYVVTESHKFVRLFPLAPNDLPHGIASALEEHGSSELETLQGVLKTQSIDFTPHEFITALITDLGVLTPSAVSEELIKMWYD,0
MGWSLEIGELCHFLMVPLSYLMTSQLQRNTNRIVAFTIDQIRGLMDKVTNVRNISVIAHVDHGKSTLTDSLVQKAGIISAAKAGDARFMDTRKDEQERGITIKSTAISLYASLTEEDTKEIKQKTDGTSFLINLIDSPGHVDFSSEVTAALRVTDGALVVVDCVEGVCVQTETVLRQALSERIKPVVIINKVDRALLELQTTKEDLYQSFSRTVESVNVIISTYADKTVGDVQVAPEKGTVAFGSGLHGWAFTVRQFANRYSKKFGVDRQKMMERLWGDSFFNPKTKKWTNKDKDADGKQLERAFNMFVLDPIFRLFSSIMNFKKDEIPTLLEKLEINLKGDEKDLEGKALLKVVMRKFLPAADAMLEMIVIHLPSPITAQAYRAETLYEGPSDDEHCQAIRNCDPKADLMLYVSKMVPTSDKGRFYAFGRVFAGTVKSGQKIRIQGPNYQVGKKEDLFLKSIQRTVLMMGGKVEQIDDCPAGNIVGLVGIDQFLLKSGTLTTSETAHNMKVMKFSVSPVVQVAVEVKNANDLPKLVEGLKRLSKSDPCVVCTINESGEHIVAATGELHLEICLNDLENDHAGIPLKKTDPIVSYRETVQAESSMVALSKSPNKHNRIYVKAQPIDEETSLDIENGVINPRDDFKARARILADNHGWDVADARKIWCFGPDGNGPNLVVDQTKAVQYLNEIKDSVVAAFQWATKEGPIFGENVRSVRVNILDVTLHADAIHRGGGQIIPTMRRATYASILLAEPAIQEPVFLVEIQCPENAIGGIYSVLNKKRGQVVSEEQRPGTPLFTIKAYLPVNESFGFSGQLRQATGGQAFPQLIFDHWAVLNGDPTDPSSKPGEIVQKKRIHSGLKPEVPGYEEYYDKL,0
MTSVAKDDLYIFSLGKEITSSLKLLQFDEYAAIVDPLSHDEVNNRLKEVSPNGDPKPKDYYKSDLHRLNLKRQVNNLPPLTEKEFEKLIETQSLESISGSEESEDEDEETQKMDTLFEKLSTSEVEDEHNVSHMNTNSPYILFQSPLVDLGKAFGLYKALFTKSSLESGDVFPELNRIASEPVGLGISVLLMIGGGHFAGAVISHQRRNMKGLAPNHKISKQEQQVNVLQSKTFHRYTTRRKQGGSQSASDNARGKANSAGSSIRRYNEQALQQEVRDLLASWKEYLDKADFVFIRANAVANRRALVGYEGAPLGNDDKRLRSFPFTTKRATLSELKRAWVRLSYMQVVELPKVTKKAPEKALEASRVQRKTPSPKPELSGSDKHTKELIDLLKKLRAPLMINYLKKHNLSADFEFTPANQHAYTPTPLHYASSQGLHHMVQVLLVNLKADPTKVNSVGKTACQMNSNSAVKKAFQIARYSLGEDFADWKAAKVGPPKSKDEFAQEEEQQKKQQEAENRRLIEEELAKKTEMELKKPTFSSGGTLGGKTIQSRLSETSELTEQQKTRLMREQRARAAEARLKKLQGK,0
MYGHLIAAKKVTLVLQPFNQTTRHKTPEMQLTVHQDDANMLLSEKNILSEPVLDKYRTAGQIVQTTLKYLIQLINDSYHLGKTERPYSLQELCVLGDSMTLKLLNKSYTNTDKVREKGLAHPVTIDVNEYVANVSPELDLQQHYTFSPGDVVTISTGAHIDGYTALVSHTVVIYPPGVMIDNQLKPEGPLLGPKADSMVASYIATEATVALLGLALTPEKLSVVPGLNGASNITGAHIRELVDGIAESFGCVVVPGSKVRRIRRFLAGQAEGIVAERDFKGVVWSESDQETNLLKKTTNDQSLIVHDNKEAAHSTQTSLAIPSDEFVIEAGEVYNIDIRMCSVRNLEKGLVTLEDVDDYKNEMAKQTIHTRDFAITHLLKLKSARKLLNAVDKNFSVYPFKLTYMCESFPVDHESGDAVKQLEEIKKEIKVQRLGLSELSNRYLTRAKPVQRVKLIPLLKILTTDNKTGRHGIDATKLTLPGREVPLPALGVSALKLKSLLKHGSIADAISRESTTIVLNNASSNNVVRLTGGNQAFKPSWVHSQFQVGGLIQPTVEALSQLVQDSRFGIKIKEIQPYKLNEEVLHLTETMQLD,0
MTSAVTPEIKAIVDPLVSQIKRRETTDDKGLALEVAHMLMRVISAVRWTNPYDLIAVIRKVGIILEGARPTDVIPGNIVRRVLALIRDEIDTENNTDSTPMMSSMFSLLSTNQLSTKKNQQIHSKKQSSDMRSIIIQGIKDLVDEISNVKGELESMASDLIHENEILLCATPTSDTVLQFLIKARVKRKFTVLVTESYPNDLLDAQRFVKSLAENRIEAVLIPDSTIFAVMSRVGKVILGANAVYANGGALSNAGVANVVECAKEHKTPVFAVAGLFKISPKYPFNREDLIEVGNSGKVLNYDDYSLMQNVDVVTNPLADYVPPEHIDIYITNIGGFAPSFIYRIVLDNYKTEDSNLD,0
MSADDDLVPESVEGYTVGEKKTIAEYTKLDAEDESLAKWKASLGLSAEGLAYPVKAGDKRTVVIVEMALTFPEDKLLEPIVISLEDASGNTIDKEIKFSIKEKAVYELHVKFRVQHEIITGLKYLHSVKKAGIRVEKMEEPLGSYAPNTKEKPYYEKSLGAVEAPSGLLARGSYSAVTKFVDDDKTVHLSFPWSFQITK,0
MSNDHLRYLELRELNERAWAGEVVFKLAGKQDLSLKKNTGFVKKLKSSFNADQYKQILKDVETLSLEKYLTEIVGPAFEGTLKVSKNDDIMAAVEIINALHQRLNLLFTPSYLSHVVNAIVEKEQLDLAVKQRLLLKLITELFLTGVATSLRQCDSELLSTSALKLASKSPNDFILVPLLKDVLSYQFPKAHALPVMISWLKRYAFLLKEENRTQIPDSCLNTLQQICSMYFDKVVGLLKSLHREKTKLELSNKKAMIRTGRVLEEREQELKELTQVLEALDHGCPTLAELLNKEMPPIDVSVQTKNNESDVIVKASHEEETKGWWEDQRERNFYKKVPNYESVVASEGPKLKKKEYAKLSEGEIVNRFLEKLELSTTEEDIDKLTAELHTFIPSNKATHNRILRFFLEVKKVDNVNLFARFLKINESFFPDLITELIDALDRGFRSQIYGDIINFKNLYFFIELIKFNLIPTHVVFHKIRRLTLNIEGTNNADILLIFYERCGKFLLLESEYQETTREMLALLSKQSKSSRLSVNEKLSLRNMFLIVNSFTATKIKVKATTAEMTPLQDFVSQMLKNVLLDRKLYKQAWLLGKIKFKYSADARDTFVSIYLRPEELGLDKLDMYAKLLKHLGTQGKVLAPLIVDALTEKVIRGLELNDYRQNLARVAQIRFFVALYKNKVLSFRCIIDLLFKIVTWGHPNNLPLPGSTLDIDPYDNYFRIGLCCTLLNNISFSKVEQAGLLTGSTKSLEGFLTFLQYYILTKKKPLPREIHFAVEEVYSKTFIPPARDDPSRALSLLQNFNSQSKEPVIEEETIIDDSENDAVEFSSDDDESGMNTEEELRSDDETSDDESHKDASGDITREDEDSDDEDDHEDEDEGLVDELVEDTAEEEEEDHAPWARKIEVTEEDKKFADTIDAGIRDALQESLNLSQSKSRGTFRIPAPSTLAGTQNEAVNNTCGVLPNGSVKFSFLSRKNNVKEMHLPSDNQFVDRVVREQAAQKANRDKIIRLINNME,0
MTNTTMMGSESEIADTVESQFDDNKVVFLSWVQKRSIKTHQWHKRWMVLRNCQLSYYKKSSEHKPSKVLSKSELLAFSDVQEAHKEHEHHFAIYTSNRVYHFRVETKELQSRWMKALETVVKQYEDDSNEEDDQEAAASHLSNLLMDKNEEEYLVEQGELRKLRKRYSQWRKLYVIVTNKAIYFCKLKEHKGQAYKVISMDKVMDVIEVDGTRGKSWCLMVITPTKRTYLGAQSEQDMTKWLSAIKAVVLQKRRH,0
MVQILAAKVKNVLSGDTVVLVPTKTTQFPVPERTLTLQYVRGDSFEAKEFLRKLVIGKEIKFQVLFKMPTTGKEFGDIKAPIFSSLIEYLLQHGMVKLKDNIRVEDDLEVEFVDQLRKLELEAQNKKIGIWAPKFQEPEIVPLSDEIIEKSQKRPLDTIVEKVISGDRIIGRVMVNKNQHVLQPLLLAGIKTPRTDDPSPSVVKVAQQAKQFVEDRLLTSKDNIKVTIIGKNQAGLPLVLVEHPSGNSIHEKLLENGFAEVVDWQSTLIGSSIMSGLRKAEQTAKALGKGQFASVSVGTSTGASVASKTVSSKTLRPGITVDNVVISKVINGDTFNVRLPSAEEITVQLASLRSPRPNDTTVTSNSLHQQALVQMAREYSRNLTIGKSASMYIDGHRPANEQLGLDARFLVSFKINNKDVSEQIVSHGFATVIKHNKQTAGERSMNWDKLVELEDEQKKLGKRGVFFSGGDITKILTIGSRVVNASENVQKAKTFFNGFLKKGRISGFYVEFVSGVNRVKLYNPKEGTKLTLILGGLSNSNSQEAGAEGLEYMNRKYLQRNVEFDIYDTDKIGGFIGNLYSNAQALKPVQVEILSNGLARIHDLAVNSNKFAGDLEKAEEAARVAHKGIWKDYDEEKAEKEANEASAKMQQLNLEAAKPKFFDIEIVDISRSQVLSYHLIDAEISAKFAQFKKDFNDFHSQNPSASANSPDLPVNLTKGPKKNELVSAKFAENGKYYRARVLNFDKASNKYEVKHVDFGNVDKVTLSEMRALPKKFGIDVIKPFAHTMKLQNITLPPTQPNDYLTEAIYVLEDLTFDKKLVLSGLPSTTPGVEYDGILYDSEKSLNLSYTINKELVSEGYGIVDSKAPTHLKSYVDELVVLEKKAKSERVGCWELGDITQGDDFF,0
MLKWVQSGLSVVAGTAEPEYGREAIHPVTDFIKKGDPVSRETTVEDFAWRKPNYTNVETQTFYFTDLKTGYTGFAQIIHSNIMGVKTTAQFTFRLYNNEKGAEDPNCIWTSTALENFRAEGSNFYADNLSFEISEDGTTYHLKSHVCEDSMVDLTVKRLAPGVIFGKDGMTLYGEDVENPWGSMRHAFWPRCSVSGTLKLKNSVKIDVDGFTMFVMALQGMKPHHAAKSWNFLNFQSPHYSAVQMEFTTPRSYATTKVNIAMLAKDDKIILTSIDNEVTHEDAEVDEVGWNVPKGITFNFAKNGAGSETVAVVSGKLKQLVERVDVMAEIPQFVKNIVSGVSGAKPYIYQFCNKLSITHGADTEEGIGFNEATFISE,0
MIENGEHLDKKAKAEKTVNGQFSDLYNERYVIKGDSQALVNAVRISPDHQLLATCTSTGLIHIYDYASGKHKLTLKGHNKGISDIVFSTVDSSIIASCSDDLTVRIWSIVKGACIRILKKHTYHVSALCFNSKGNLLVSGAADETVVIWDLTTGRSLKTLAAHSDPVSSVCLTPDDTIIISASYDGLMRLFDLESGQCLKTLVYNSSSHGTATASTNDVVNFPISNVQVTPNGKYILSTSLDGKIRLWDYMSNKVMKTYTSNDTLKSICEKYNCSSCFITATPEPLVSSGSDKAGVLFWSVQSKDIVYQLQAGETVLGIDSKDDGAELATCTLQGDVHVYDLNPNMKAVNGNGTAKSDMESSADPESEYSAEGEDPADGTEEPVPITRQVQKSEND,0
MDLPTGMSIHKAEPPKPLLTADSIYVDVTDSFFTAVEKMAPGNVVASPYFDMLEGSRAIEMGNRRLDTGLIDLKHEEVMFDTAAGQLVEDVAGAMNHVLILLMLWFLGLSLPVTLFSNRYVMDFLQSYNSLGGQFARSNLVNKRLHGDLYTESSSFEGVLVNKVLRAYVAGICKFAGIVRDVALNVLYDEEDLTTRNMDLNMLTAVESSVVLETIEEAQQWLQSQQTDQLTSTLNDFLTLASCLVQTCDIVHASIHLFEAKDGPSLESLADIRTLASKIEGQNIGLGPRYSVSKFAQTDCNNKHIPYDNFLLPKEKAFSDLRHLADEIEAYVSAFATFDNALQLESYLRYSMAPRMTPDYSSVARGFFQLFFIRDDKSVVGLSETVGSVSIRLMESLCCAGASILDTETWKLQEDDPLKEEAAKREALNKVGALLDDFENAMYRYLSNFGNNKCRQRQFDNQTIVLWDTLQFNAENIEFNLFSAFGLGDKIAPDSPNPALPITAFAYHMKLQIMLETILSGFELNLYKPFEASQMYWYAGYLAENDHANMKIRVTNINKGKLAQVVSLSKKVKKAKAGQKKEELRKLYKSLNENAIPQVHRNLKYIEQFLEPSVLALQHLCIAISQILLLYQLLNADMKKPGSMVDDEHLYNLRMKPWRSVEVPTCPSYKDYREASLFYDTFSKIGIDLKRERFKGIIELLKGKLVEALQIYGGILDSFKNTETLEQFFKGSEDSVKLWILNLRKTCVAYQVELGNVLHTVQTMDSNLRFKVEIGSAYHPHFPIYSMKKIE,0
MFNKLKSFSEDVAKSLNEIQQGDTPRKSLDQLKQLKNGSNLLNTKTPDSNDLQQPQDETESSNTSESQLNKESSPSEDRPKSATPSVASSGPLKDIDMGQLPPLVQAKLRKFVKYEEKYPVLLDAYKTEKRKGELVIIFEKILKENTPVSSIADAGELLEYLKSLTEKTSMTEQELRKKINEATSMSKKLNDAEKTLKYSEESLEKAHKENGSLAREIQALKKQIGDLSVQKEGGDEQSDANGDIQKSIDALKEQLGSTQAELEDATVEREKLKEQLQSEEKKKEELQKEIAKLNSDKEAIEDGVLKLKLQLTAIQRQLEETREERDEAKKKIVAQESTERETTPRPDQTVSKSKNKKNKNKKKAANLQQNTRTDEDTHKIGDESVEWKGKYDELSQKHDALANEKEELSKKISQYLETIKNKDEEIDDLRDLLRDIGNDLVAAKDELKKLELNPETEIKLKKLADLEKLAQDRKEQLDKIKEESSEQLEKLRIEIDKTKASSTKELEKHKQESLEKHKKVTEESEKLVRTVKDLRSQLSETKKQLEESTKEIQNLQSEKDKLNERINELSKSNSVDASLKLEIASLESSVSHKDELIKELKGEIVTRAKEQDDLKATIAQLENTNSNLQNSNQNLLQEKSRLVTDKENTAERINSLNKELSKLQTNRHEIASELEALKSKYDALVKSRSNSSDEIQSYKQQYEELSMKLKEAHTKIESLEDELTEARQMLLERAREFSTIRKLLLDAEERNNIESARLKSEIRSISEQKLELESSLQATIKLRQREIEELKQNSADASKKIKQLTEEMEALRKKYEPLLKENVISPEANKKIKDLESTTEELRASLQASNTKVKEYENMNRILKKLNEEASMKFDRLLKNFKHVTQQYRQMQSVKSTPPESARSSSEQPPASPSSDKDTNTAYLKNVLIGFFEHKEQREQLMPVVKTLFHLDDSEESKLMNALK,0
MDPQYLAALEETLQQTFAPATVKLATARLSKEFYQNPLALPSLFHILQNSNQDQVKQLAAVEARKLISRKWEAVDASLKPQIKEALLQSTFTQENKLIRHSCARVVAAIAELELDKNSWPELLPALINVVGDANQQDMAVYTLYTLLETHNPALKEHQDDFVNLFANLLQSQCSRDVKVNATLSLDVLSQYLEEELDVKPATAEKFKSSVPGMVLVLKETISADDAEQTKSIFNVFNSLIFLDNKLLGDQIVGLIQFVVEIANNQSLDEDVRCMAMQFLISVVSMRKTKVSSNNLGPSLTLLALKIASEEIDEDDELNNEDVENENEENIPATLALRLMAILSGELPPSQVITPFFENLESHITSSDKFARRAALLCIGVASSGAPDFMGNQVKKIVPVVIRGLQDSEIVVKVAACRALAQLTSELQDNIAEFHKELLPLIVDVINNASHVMTYKHACFALDGVIEFMSHEAIADYVQPLMEKFFTMIQEANSSSLKAAIVSAIGSTAFASGKGFIPYFHQSVQALEPFIQNAAETKGMSEDDIELRAITFENISTMARAVGSESFSAYAKPLVEAAYAALNSDQLRIRESGFAFITNMAKVYGSEFSGFLDNIVPQILKCLNQEEFSFNLDENEAENFLEDEDEENLNEKFNVNTGITIEKEIASVALAELAMGTGSAFGKYVEESISTLAEQIEVSYGMREAAMNALWKIVRAMFKAQYGEDFKAPIGVPQQPYIDGPILELIKQARELTIANLEGEFEVSLAACDLDNIVEALNYFGAITVTSGPSDTASLEKLCGILMDLLKKEHPCQIDDEEPVEDAEDASETEAMMYETAVEVLILLSMKLGPDFVKIFETFKGIILANATSKSKGKRVGSIGALAEISVGLKASNPYAQELMQVFMDRLANDVSLEVKGNAAYGIGVLIELCPVDFTGQYQQILQMLFHLLSRSDKEGQVDDQETKDVVNRANANACGCVARMAQKNQAAIPLEHVLPALLSHLPLQSAPEENVPILKWIISLYESGNNLIAGQTDRVIQIFAEIFQKEAERLKLVAETTLGREEYLGKMKQFQSEEIKQKVIDLLKFLNQNYSSTIASHEILKSVIA,0
MSIRSKLSSLREYLTPINNESNFRKTGEISPEEFVKAGDYLVYKFPTWKWGTCPKNLQRKFLPPEKQFLVTRHVPSYQRVSSYLPDQEEDSLEAENPDSDAEWVPRVNSTPVNAMKQQQQQQDCQNDLDELIEENVEDNVGDDDVDGYTHIESNELTLRKYDLYISYSTSYRVPKMYLVGFNANGIPLLPKQMYEDISGDYKDKTATIETLPMSTNTTAVSIHPCKHSSVMRVFMNHAKLRAAKKEGGVEELQVAEDFEKLDLQDRSGGDANEGLDGDETGEIRVDWYLVIFLKFIASVTPGIEYDFTMDAL,0
MSWTGLKKAINRAGNHVLLKAGQIDETVDIEFDYEEKRFRAMEEASTKLHKDLRRYKETLTSLAAAQQNVSDVLAGFYGLEAKCVAKEYQQATKAIRNETLQELGEPFFQTVLNPIDRFNSYYVDMNEAIKKRAHKKLDYDSLRSKVRKLSENPEKDPAREIKLKDTRVQLSLAEEVYNRLNAQLKADLPRLMDLRISYLNPLFEAFVKLQLRYFSENHRHLNEVKKKLDARTRADYKNGKMEKRLDEILSKVKELNVAN,0
MRDSNYRSITNNRAAVTITTSLYDRRALDVTADKPLVNSLNHLTYLVSLSAKVRETLANDGGIERLVEILHECHNTTFNAQDNIFNSEKKLLTAWKWTLAFQCLVLIGTGGTEKIRLKVVAAGMLPIIATVLDNYMSLHEGTLVPGTAPVCPFMHGGSNSQGGIFNSYDDRRGDAAAAAAAAAANNANLHGNGNGASPAAAAAAAFSLAPPATANFVNHGAAPAGVAAAAANSMPLFAHSDPQAPVAAENATAAANALRNMELGHDNPMPGSMDSAAQGHRYNVQADSKHQVIMPFLNNLYINSLTSEDYDNLTVDQLLRLVRCSINSLPNQKYDTLFAGPPRGAVNNDIRRRFLIITILRKLREEKEQECPDPAYREPHEYEMDTNLRFLSDLYLQDERSTHITNMIHAKSAPRNFTETGVVIPRDDDVVWCLQLLAYISKYPYLKEVLQNTHLVIDMSIREKKPKCFAGSRMKANYQGKTNNKSAPASARQGLLARKGGVFTSHPNETNGETFIERFNASPSNSPQMLSDLNLRNDDFDLNDDMLNLYSKRDDGGLTEDAEANDLDDNDDSEEDSDHRVKDEDGDVNEYLLNFDDNVTMTDRSLSDLSKLYDGIIDAESIVNDVDREIALHYVSEKINRYIDKEYQQLSDTIIAKRAEETEYLTEKWNYETYSHFDIDDDGDNTHGDYDESLMDHKKVNLFPMVEKFTFLAGTDMYYWSGVIMRNSCRRNDLRGGVRQCGNLECGKWESYPREFSKCKKCKRTKYCSRECQMRAWHCHKNWCVPSASSATNSTHTTASRANTTERRGQEENVSSAHNHHHHHHHQNHDDDESSSVAGRSPVNVTTISGPAETDGLTLNTPDATHNTPLE,0
MRFLHEDFFEKNCNMPRKKSSSRGSSRGGTRGGSGSRGRGGGRGGSNYGRFYLSKSAKRKGKGKFNPRPANGYEDPEFMDLGAGEYLPSLDSGSEPMSMKALSRRPNRSMMEEARYTERHFGHGVREPLRNKPLIFVKSAEIYDPRKLTVGKLLKREPLELSEDLESLRVDDDDDKENEKLHDVDNDQGNEALYEASEVYEAAEEEQNVSSDEAVGPDDDITQGEHSESAKESDGESEAENNSYSLDEGVNSATIDVDMVQEPPDEDKSSTEEESEIQDEGEYDSEVAFMIDEQGDESISAHYGARKANTKELLQEANLRSAQLSARDDTPNAELADPVATLEHEPYMSVGKVIIRTEIDKNGDLMAEMPKGKANRNGTGFKDLHCDYYEEDSDTDEEGAFEDYLAQVMMGGQGLHDDFDTPISFSCSDSEDQVSEMDDGSNDGLNDILDFAQNQQRSFADLDVPPTRSLRAKGRSKKLKLEFEEAVDAELRESLLEQFEYQKMSRRDKKLRKKEKLKSEALEKNDLFVKYDYSLHIKDIKDEFESFLHDPERENMSFPPLDPHGNKTVNKLATHYNMKCTRCGNGRHIFMKISKARKTFHYLPDYNSISYVMKQRPTFKRSDVKKRTREEIEVSEKSSSRRGPKNNAFVREGDIVGAAAPEISSNNIGRQLLEKLGWVKGEGLGAHGNKGISVPLMATVKKSKTGLK,0
MLIPKDDRKKIHQYLFQEGVVVAEKDFNKPKHEEIDTKNLYVIKALQSLTSKGYVKTQFSWQWYYYTLTDEGVEYLRNELNIPEGILPLTRLKGAPAQRPRPAIRGGPQRRFGGDSYRRRARD,0
MPPKPTIEEVDDDEIDNMEMDIAQFDPNLKTPIAPVNTPVITRSQDSEPPLFPQQPFRPPPSTGSLEREQIIDPSKISSKDKEELNKFQTIYPCYFDKNRSHKEGRRVSAELAVHNPLAITISDACRSLGVPVLLELDKTHPQDFGNPGRVRVLIKDEGIVKDTRFKTKKSLLNKIATYLQDHPTTLKSISKGSGIPYPKEFEEGFDPEEIPKVKGFKMNSIVPVYSNYTLKHPMTKTIYDPEPETTNEAPKLPKQPKKKIMRVRG,0
MEFHAVILCGEGKALSPFSKVRATGTAKALLPIANKPMIEYVLDWCAKAFFPKITIICDETSGQDILAALDSYKSRVSKNEGEDESSHGFQFLDSIKVMESETASSGEILRLLTKSDILEPYEHFVLLPCDFITNLPPQVLIEAYRSRQDKAVGMVCYYKNQLDIEDKKHKIFPKNYTMFAEIPSGQSQLLDYYSAEDVDFHKALKIRTQLAWNYPETTVSTKLLNSSIFFGSAAEISKLFDTYPEKFTKIYFSSRASIKVIRDLARLSWQKTSCSKTIDIMLVPPQAHFTRSNNLPVLLESNRHYLKLHAQFNAARNSGPKDKTAANVGADAMVGENCELGEKTNVKRTVIGNNCKIGKRVKLTGSIILDNVSIEDDVALENCIIGHDVILRSKSKLVSCYVESTHEVPKGTQAKGDTILCFSLDGIDVEDESAVESSSDESSSGSSYDDDEYDYEYGDNSDGLFAY,0
MGRNIITLDDLTVNNIGTFKKILSVTLPTSYPETWLKDAFNNDHIVKLAFYSELPVGQIRGKLSNSSHNISSFESSTSAQLNSKIIPNAIYIETLSVLEAYRNQGIGSKLLEWIIEQAKERFIHEIYVHVHIKNDNAINWYEKKGFERSSEPVKGYYESQNLNEPDALVLTLKV,0
MDGEEVAALVIDNGSGMCKAGFAGDDAPRAVFPSIVGRPRHQGIMVGMGQKDSYVGDEAQSKRGILTLRYPIEHGIVTNWDDMEKIWHHTFYNELRVAPEEHPVLLTEAPMNPKSNREKMTQIMFETFNVPAFYVNIQAVLSLYSSGRTTGIVLDSGDGVTHVVPIYAGFSLPHGILRLDLAGRDLTDYLMKILSERGYTFSTTAEREIVRDIKEKLCYVALDFEQEMHTSSQSSAIEKSYELPDGQVITIGNERFRAAEALFRPSDLALEAAGIDQTTYNSIIKCDVDVRKELYGNIVMSGGTTLFPGIAERMQKEITALAPSSMKVKIIAPPERKYSVWIGGSILASLSTFQQMWISKQEYDESGPSIVHHKCF,0
MFKKFGKEEVHSRSNIKSSVQRGLKANFVNHFEKIEPVIDDIIPKKSQVILIKCENKIQCYAVEDNIVLFQHFDDLVPHLKVVHKYPDLFPRVQVDRGAIKFVMSGANVMCPGLTSAGAKLPEENLEKDTIVTIYAEGKESALAIGKLTMSTDEIKAKNKGVGIELLHYLGDGLWHFDASV,0
MKIYTDVISNDELLSDAYDIKEVDGVVYEADCAMVQVKNGGDIDIGANPSAEDAADDVEDGVETVNNIVHSFRLQQTQFDKKSFLTYIKGYMKQIKAYLSEHNPDEVETFEKGAQAYVKKVIGSFKDWEFFTGESMDPDAMIVLLNYREDGTTPFVAVWKHGVKETKI,0
MPFKYTPAAKGKEVKPPQIPSPGNNSFLGDIFTSDAPSDKQISCGFYKQEKGEPLEYHFDYDEMKIILEVEGEYTISDETGNKVSVSPGDVFYFPKGTTITFQTTGYGYANLTMPIDYSKWDKIELSDDSDIEVHPNVDKRSFIRWKQRDIHEKRHQRNIEIKSILIQLTMYAKLNARLDFLMEKLKPSELLDEAKVKAALDGEFDPKEKFDYEKLKKEKGSELRKGLHDLEFSKDEIEATPPYNEMVEDLFTQVKEDHPEVTNDDDKLKQHLKEHRLKIDDILSKQSIKLDSLLHEKANLISSEDYHTGFDSSFINKDKKDAEEKNTKPQTTTSTSIETINNPRQPENTKSSGSKTDDEYDQLEVLPPTAEFAKIDIHKLAKSREFLLLHPEICTEHQKDSLIMTAFDHQLEGREKMTKQVVHQSLLLQYVSQLSGGGLIKDRVMQAIEIFFSKLMDSSTPVAAAFNEDVDKTLKHIQTRCKVIQEERSASGETENEEAVIQLRSLDESKQLTVNVPDEGTEEYKIFSSKLSPEMQAAIQTGDLDEVNKIFASMKVEDAEEVLEIINECNVIGLSGYLENEEEFEKMKAQQDDAPSVADEQLNVDDTVD,0
MAFTTVTLRHEQKTVSNIDIEHESKLPPKIGNLEHVSLVDFEKIPWFLVSHGPFKVFSSDDDTSEFFKTNLAAVAVTEPHIGILSKSQDPQTYVVFFFQDMSIRCFCIDFSTLERLFTASSSFETGTVDNVFYSALRPRSDTSVFDRVLESKSSRRNQYVAPKTTPSDTTTQLSVTPLNGDQIVQAVNRMTLSGLRLRGLNPSSGLTLSKDRVVIKELYHMTRKLALFALRKFNYGFNGATGQEVRLSDVQDVVERLLQAYADVEPPA,0
